,number,value,datetime_start,datetime_complete,duration,params_l2_leaf_reg,params_learning_rate,params_tree_depth,state
0,0,0.7067673992673993,2023-11-16 07:14:44.369573,2023-11-16 07:17:24.338420,0 days 00:02:39.968847,14.578962294735936,0.08930290323625188,10,COMPLETE
1,1,0.7067673992673993,2023-11-16 07:17:24.344617,2023-11-16 07:19:09.570004,0 days 00:01:45.225387,26.340622696150156,0.020628360518718962,7,COMPLETE
2,2,0.6467673992673993,2023-11-16 07:19:09.577610,2023-11-16 07:20:18.517336,0 days 00:01:08.939726,23.361864243250245,0.09853036403203372,4,COMPLETE
3,3,0.7067673992673993,2023-11-16 07:20:18.522692,2023-11-16 07:21:45.612412,0 days 00:01:27.089720,4.168855944781027,0.09040924095210351,8,COMPLETE
4,4,0.7067673992673993,2023-11-16 07:21:45.621960,2023-11-16 07:23:36.063511,0 days 00:01:50.441551,27.33217100517417,0.05875835026963861,8,COMPLETE
5,5,0.7067673992673993,2023-11-16 07:23:36.070844,2023-11-16 07:26:19.824195,0 days 00:02:43.753351,19.097574628490428,0.086281400074149,10,COMPLETE
6,6,0.6942673992673993,2023-11-16 07:26:19.831061,2023-11-16 07:28:18.892472,0 days 00:01:59.061411,8.612324333662297,0.0729030847694936,9,COMPLETE
7,7,0.7067673992673993,2023-11-16 07:28:18.899187,2023-11-16 07:29:23.684523,0 days 00:01:04.785336,3.07119860654986,0.061865044392359014,4,COMPLETE
8,8,0.7067673992673993,2023-11-16 07:29:23.690903,2023-11-16 07:31:04.308942,0 days 00:01:40.618039,28.109429525144414,0.09898589002773098,7,COMPLETE
9,9,0.6167673992673992,2023-11-16 07:31:04.314066,2023-11-16 07:32:21.428202,0 days 00:01:17.114136,21.498070996340648,0.02441372404120224,4,COMPLETE
10,10,0.7067673992673993,2023-11-16 07:32:21.436616,2023-11-16 07:35:14.426709,0 days 00:02:52.990093,14.298898380389867,0.03235570141706825,10,COMPLETE
11,11,0.6667673992673993,2023-11-16 07:35:14.434602,2023-11-16 07:36:43.147942,0 days 00:01:28.713340,16.356636488113363,0.0014812123272956099,6,COMPLETE
12,12,0.7067673992673993,2023-11-16 07:36:43.159498,2023-11-16 07:38:15.318937,0 days 00:01:32.159439,29.89923609552801,0.045723189203355774,6,COMPLETE
13,13,0.7067673992673993,2023-11-16 07:38:15.327309,2023-11-16 07:39:38.011014,0 days 00:01:22.683705,12.739155386498357,0.07548133160010317,6,COMPLETE
14,14,0.7067673992673993,2023-11-16 07:39:38.019220,2023-11-16 07:41:26.945979,0 days 00:01:48.926759,23.960636712773827,0.04426432350878738,8,COMPLETE
15,15,0.7067673992673993,2023-11-16 07:41:26.952236,2023-11-16 07:43:04.625558,0 days 00:01:37.673322,18.578309294618535,0.016655446310382953,7,COMPLETE
16,16,0.6942673992673993,2023-11-16 07:43:04.630668,2023-11-16 07:45:11.421393,0 days 00:02:06.790725,11.471112482910852,0.037347690505505765,9,COMPLETE
17,17,0.7067673992673993,2023-11-16 07:45:11.428967,2023-11-16 07:46:30.644526,0 days 00:01:19.215559,17.65027770951616,0.05486031222297766,5,COMPLETE
18,18,0.7067673992673993,2023-11-16 07:46:30.649970,2023-11-16 07:48:39.212696,0 days 00:02:08.562726,20.98489869893967,0.06401312302981295,9,COMPLETE
19,19,0.7067673992673993,2023-11-16 07:48:39.219355,2023-11-16 07:50:23.431201,0 days 00:01:44.211846,15.3004668113301,0.047925298220774445,7,COMPLETE
20,20,0.7067673992673993,2023-11-16 07:50:23.435657,2023-11-16 07:53:05.396897,0 days 00:02:41.961240,25.68657289359325,0.015682627743160503,10,COMPLETE
21,21,0.6942673992673993,2023-11-16 07:53:05.404507,2023-11-16 07:54:25.457293,0 days 00:01:20.052786,1.1334618654252542,0.08457653279238977,8,COMPLETE
22,22,0.7067673992673993,2023-11-16 07:54:25.465308,2023-11-16 07:56:03.677229,0 days 00:01:38.211921,7.949306614800037,0.08964849665073407,8,COMPLETE
23,23,0.7067673992673993,2023-11-16 07:56:03.682358,2023-11-16 07:57:56.528217,0 days 00:01:52.845859,4.890582947821666,0.07215951756053521,9,COMPLETE
24,24,0.7067673992673993,2023-11-16 07:57:56.534061,2023-11-16 07:59:07.569940,0 days 00:01:11.035879,9.787238274869296,0.08023794165238507,5,COMPLETE
25,25,0.6934340659340659,2023-11-16 07:59:07.578483,2023-11-16 08:00:28.828321,0 days 00:01:21.249838,5.791734273097506,0.09020410018079125,7,COMPLETE
26,26,0.7067673992673993,2023-11-16 08:00:28.832946,2023-11-16 08:02:16.988893,0 days 00:01:48.155947,13.170400070990821,0.06830615862596823,8,COMPLETE
27,27,0.6942673992673993,2023-11-16 08:02:16.996961,2023-11-16 08:05:01.500917,0 days 00:02:44.503956,11.495146185365318,0.051963692763269446,10,COMPLETE
28,28,0.6567673992673992,2023-11-16 08:05:01.505925,2023-11-16 08:06:34.964508,0 days 00:01:33.458583,16.371540567788845,0.07836029272425708,6,COMPLETE
29,29,0.7067673992673993,2023-11-16 08:06:34.971313,2023-11-16 08:08:45.619141,0 days 00:02:10.647828,24.38662094536752,0.09595466065815936,9,COMPLETE
30,30,0.7067673992673993,2023-11-16 08:08:45.626203,2023-11-16 08:10:25.939111,0 days 00:01:40.312908,21.99617691333566,0.0941588328537627,7,COMPLETE
31,31,0.7067673992673993,2023-11-16 08:10:25.948105,2023-11-16 08:12:15.557191,0 days 00:01:49.609086,26.210900387479096,0.09945556993182894,8,COMPLETE
32,32,0.7067673992673993,2023-11-16 08:12:15.563497,2023-11-16 08:14:04.120970,0 days 00:01:48.557473,27.412278938835513,0.08202136662835773,8,COMPLETE
33,33,0.7067673992673993,2023-11-16 08:14:04.127995,2023-11-16 08:16:11.801517,0 days 00:02:07.673522,19.653316290826385,0.08682604387575982,9,COMPLETE
34,34,0.7067673992673993,2023-11-16 08:16:11.806237,2023-11-16 08:18:01.830828,0 days 00:01:50.024591,22.969562440216365,0.059318656462799386,8,COMPLETE
35,35,0.7067673992673993,2023-11-16 08:18:01.836039,2023-11-16 08:20:45.437291,0 days 00:02:43.601252,29.989364161673457,0.07056384120665923,10,COMPLETE
36,36,0.7067673992673993,2023-11-16 08:20:45.444548,2023-11-16 08:22:24.087582,0 days 00:01:38.643034,20.339755926065937,0.07827727715531478,7,COMPLETE
37,37,0.7067673992673993,2023-11-16 08:22:24.093345,2023-11-16 08:24:39.960710,0 days 00:02:15.867365,22.344795357892096,0.06186420141432767,9,COMPLETE
38,38,0.7067673992673993,2023-11-16 08:24:39.965459,2023-11-16 08:25:52.369729,0 days 00:01:12.404270,18.018919817634526,0.09313451711868136,5,COMPLETE
39,39,0.7067673992673993,2023-11-16 08:25:52.375689,2023-11-16 08:27:19.415891,0 days 00:01:27.040202,28.390187568769807,0.08540593054887738,6,COMPLETE
40,40,0.7067673992673993,2023-11-16 08:27:19.421387,2023-11-16 08:28:59.260006,0 days 00:01:39.838619,24.634777508456494,0.06594784858895007,7,COMPLETE
41,41,0.7067673992673993,2023-11-16 08:28:59.266722,2023-11-16 08:31:41.138994,0 days 00:02:41.872272,23.543483264482113,0.07399204136933335,10,COMPLETE
42,42,0.7067673992673993,2023-11-16 08:31:41.146996,2023-11-16 08:34:23.079115,0 days 00:02:41.932119,19.877276181030332,0.09962456732595272,10,COMPLETE
43,43,0.7067673992673993,2023-11-16 08:34:23.083827,2023-11-16 08:36:26.776353,0 days 00:02:03.692526,14.534270051113864,0.08997539477472646,9,COMPLETE
44,44,0.7067673992673993,2023-11-16 08:36:26.782349,2023-11-16 08:39:08.685750,0 days 00:02:41.903401,16.17204783555769,0.08289482827765378,10,COMPLETE
45,45,0.7067673992673993,2023-11-16 08:39:08.693294,2023-11-16 08:41:17.642311,0 days 00:02:08.949017,21.479761658038562,0.07596562114416427,9,COMPLETE
46,46,0.7067673992673993,2023-11-16 08:41:17.649420,2023-11-16 08:43:15.538457,0 days 00:01:57.889037,25.90233917975417,0.039582845040096334,8,COMPLETE
47,47,0.7067673992673993,2023-11-16 08:43:15.544510,2023-11-16 08:44:43.431346,0 days 00:01:27.886836,17.126330966368084,0.0592058340394957,6,COMPLETE
48,48,0.7067673992673993,2023-11-16 08:44:43.435816,2023-11-16 08:46:23.215543,0 days 00:01:39.779727,19.575407160425804,0.06844147128359326,7,COMPLETE
49,49,0.6867673992673993,2023-11-16 08:46:23.225492,2023-11-16 08:47:32.184553,0 days 00:01:08.959061,18.8222373538343,0.08704342636642393,4,COMPLETE
50,50,0.7067673992673993,2023-11-16 08:47:32.189519,2023-11-16 08:50:16.279255,0 days 00:02:44.089736,28.225650513477238,0.09280352512031428,10,COMPLETE
51,51,0.7067673992673993,2023-11-16 08:50:16.283984,2023-11-16 08:51:18.265013,0 days 00:01:01.981029,1.1363554387581773,0.05212463921589347,4,COMPLETE
52,52,0.6567673992673992,2023-11-16 08:51:18.269358,2023-11-16 08:52:37.934585,0 days 00:01:19.665227,21.076646567030423,0.0563669278395294,5,COMPLETE
53,53,0.6967673992673993,2023-11-16 08:52:37.945459,2023-11-16 08:53:56.893084,0 days 00:01:18.947625,14.480891971361867,0.04427153635977333,5,COMPLETE
54,54,0.6567673992673992,2023-11-16 08:53:56.900043,2023-11-16 08:55:01.407304,0 days 00:01:04.507261,2.785177398191852,0.04897414232040212,4,COMPLETE
55,55,0.6942673992673993,2023-11-16 08:55:01.411490,2023-11-16 08:57:08.435589,0 days 00:02:07.024099,7.699364146960277,0.07336189526432708,9,COMPLETE
56,56,0.7067673992673993,2023-11-16 08:57:08.441720,2023-11-16 08:58:53.889981,0 days 00:01:45.448261,9.877073357005418,0.06453146611198701,8,COMPLETE
57,57,0.7067673992673993,2023-11-16 08:58:53.897704,2023-11-16 09:01:01.916586,0 days 00:02:08.018882,13.234493218797704,0.029323849938683463,9,COMPLETE
58,58,0.7467673992673993,2023-11-16 09:01:01.922232,2023-11-16 09:03:17.366284,0 days 00:02:15.444052,4.98760171169771,0.07795826548058084,10,COMPLETE
59,59,0.7067673992673993,2023-11-16 09:03:17.370539,2023-11-16 09:05:35.420570,0 days 00:02:18.050031,5.393134171255836,0.0815059245433574,10,COMPLETE
60,60,0.7467673992673993,2023-11-16 09:05:35.424732,2023-11-16 09:08:03.210345,0 days 00:02:27.785613,6.734766425162025,0.07781980974188976,10,COMPLETE
61,61,0.7342673992673994,2023-11-16 09:08:03.232660,2023-11-16 09:10:33.525033,0 days 00:02:30.292373,6.963683154313437,0.07988033541431051,10,COMPLETE
62,62,0.7342673992673994,2023-11-16 09:10:33.533562,2023-11-16 09:12:49.539135,0 days 00:02:16.005573,4.7254884686756515,0.08055065133847276,10,COMPLETE
63,63,0.7342673992673994,2023-11-16 09:12:49.545195,2023-11-16 09:15:13.450798,0 days 00:02:23.905603,6.5235883081837756,0.07894884261731967,10,COMPLETE
64,64,0.7467673992673993,2023-11-16 09:15:13.457083,2023-11-16 09:17:43.428404,0 days 00:02:29.971321,7.240507305021099,0.07840218127851623,10,COMPLETE
65,65,0.7467673992673993,2023-11-16 09:17:43.436436,2023-11-16 09:20:18.239904,0 days 00:02:34.803468,6.6921140101311485,0.07822575596968442,10,COMPLETE
66,66,0.7467673992673993,2023-11-16 09:20:18.246396,2023-11-16 09:22:44.127973,0 days 00:02:25.881577,6.477242672164985,0.07726027549879425,10,COMPLETE
67,67,0.7067673992673993,2023-11-16 09:22:44.136473,2023-11-16 09:25:00.353261,0 days 00:02:16.216788,4.352174341834006,0.07573440304689004,10,COMPLETE
68,68,0.7342673992673994,2023-11-16 09:25:00.361371,2023-11-16 09:27:25.186126,0 days 00:02:24.824755,6.416013639383741,0.0826949513159983,10,COMPLETE
69,69,0.6942673992673993,2023-11-16 09:27:25.190475,2023-11-16 09:29:39.733466,0 days 00:02:14.542991,3.809457028462626,0.07105391005829455,10,COMPLETE
70,70,0.7467673992673993,2023-11-16 09:29:39.741242,2023-11-16 09:32:12.797150,0 days 00:02:33.055908,7.403884051453281,0.0773753141432818,10,COMPLETE
71,71,0.7342673992673994,2023-11-16 09:32:12.804898,2023-11-16 09:34:40.540898,0 days 00:02:27.736000,6.461982501205932,0.07796348169826617,10,COMPLETE
72,72,0.7467673992673993,2023-11-16 09:34:40.546780,2023-11-16 09:37:08.187271,0 days 00:02:27.640491,7.316963068819685,0.08366024058189579,10,COMPLETE
73,73,0.7467673992673993,2023-11-16 09:37:08.191917,2023-11-16 09:39:36.871873,0 days 00:02:28.679956,7.478985646845628,0.0855633088069547,10,COMPLETE
74,74,0.7067673992673993,2023-11-16 09:39:36.879161,2023-11-16 09:42:15.304882,0 days 00:02:38.425721,8.357267475152385,0.08490885722508422,10,COMPLETE
75,75,0.7342673992673994,2023-11-16 09:42:15.310923,2023-11-16 09:44:43.495456,0 days 00:02:28.184533,7.46525864405201,0.08700274990073605,10,COMPLETE
76,76,0.7067673992673993,2023-11-16 09:44:43.502249,2023-11-16 09:47:13.883405,0 days 00:02:30.381156,8.376186015656096,0.0752502503075083,10,COMPLETE
77,77,0.7067673992673993,2023-11-16 09:47:13.891087,2023-11-16 09:49:44.914717,0 days 00:02:31.023630,9.351737399850306,0.08401843464218946,10,COMPLETE
78,78,0.6809340659340659,2023-11-16 09:49:44.920176,2023-11-16 09:51:37.417477,0 days 00:01:52.497301,5.705637285259968,0.08768408959621107,9,COMPLETE
79,79,0.7342673992673994,2023-11-16 09:51:37.437296,2023-11-16 09:54:10.061051,0 days 00:02:32.623755,7.5557440349007345,0.07685346437791651,10,COMPLETE
80,80,0.6942673992673993,2023-11-16 09:54:10.067333,2023-11-16 09:56:07.063522,0 days 00:01:56.996189,8.847139532003649,0.0727893662995246,9,COMPLETE
81,81,0.7467673992673993,2023-11-16 09:56:07.068351,2023-11-16 09:58:34.546469,0 days 00:02:27.478118,6.853333045960392,0.08040418635142797,10,COMPLETE
82,82,0.7467673992673993,2023-11-16 09:58:34.552720,2023-11-16 10:00:55.364925,0 days 00:02:20.812205,5.376789570404111,0.08120676966901018,10,COMPLETE
83,83,0.7342673992673994,2023-11-16 10:00:55.370258,2023-11-16 10:03:29.662173,0 days 00:02:34.291915,6.94575321000272,0.0770437676980331,10,COMPLETE
84,84,0.7342673992673994,2023-11-16 10:03:29.667468,2023-11-16 10:05:48.644093,0 days 00:02:18.976625,6.019841795066116,0.08409288596105043,10,COMPLETE
85,85,0.6942673992673993,2023-11-16 10:05:48.654448,2023-11-16 10:08:18.021872,0 days 00:02:29.367424,7.084145890168866,0.07015505095271937,10,COMPLETE
86,86,0.7467673992673993,2023-11-16 10:08:18.028588,2023-11-16 10:10:30.998765,0 days 00:02:12.970177,4.988807366958673,0.08991651453167943,10,COMPLETE
87,87,0.7342673992673994,2023-11-16 10:10:31.011883,2023-11-16 10:12:58.473549,0 days 00:02:27.461666,6.161435403107321,0.0793153198545136,10,COMPLETE
88,88,0.7067673992673993,2023-11-16 10:12:58.481368,2023-11-16 10:14:56.423724,0 days 00:01:57.942356,7.829992540347397,0.07345991389710901,9,COMPLETE
89,89,0.7067673992673993,2023-11-16 10:14:56.430316,2023-11-16 10:17:33.026242,0 days 00:02:36.595926,10.100566634600694,0.0826618535511529,10,COMPLETE
90,90,0.7067673992673993,2023-11-16 10:17:33.032136,2023-11-16 10:19:29.936988,0 days 00:01:56.904852,8.659851973942438,0.08828480138819869,9,COMPLETE
91,91,0.7342673992673994,2023-11-16 10:19:29.944255,2023-11-16 10:21:50.049711,0 days 00:02:20.105456,5.265958879593143,0.08211871439833884,10,COMPLETE
92,92,0.7342673992673994,2023-11-16 10:21:50.057612,2023-11-16 10:24:16.143010,0 days 00:02:26.085398,5.6279018266860135,0.08006834351160752,10,COMPLETE
93,93,0.6942673992673993,2023-11-16 10:24:16.147737,2023-11-16 10:26:29.853786,0 days 00:02:13.706049,4.151721577924549,0.08507869327121852,10,COMPLETE
94,94,0.7467673992673993,2023-11-16 10:26:29.862088,2023-11-16 10:28:58.082654,0 days 00:02:28.220566,7.114608737775218,0.0752867470149815,10,COMPLETE
95,95,0.6942673992673993,2023-11-16 10:28:58.088885,2023-11-16 10:31:27.659420,0 days 00:02:29.570535,8.014770552393635,0.07688845801616996,10,COMPLETE
96,96,0.720934065934066,2023-11-16 10:31:27.665628,2023-11-16 10:33:47.966732,0 days 00:02:20.301104,6.169062428583986,0.09154616025733467,10,COMPLETE
97,97,0.7067673992673993,2023-11-16 10:33:47.974737,2023-11-16 10:35:43.302961,0 days 00:01:55.328224,9.141295662836315,0.09560116793541265,9,COMPLETE
98,98,0.7467673992673993,2023-11-16 10:35:43.309256,2023-11-16 10:38:00.371047,0 days 00:02:17.061791,5.334348087700617,0.0801097824108156,10,COMPLETE
99,99,0.7342673992673994,2023-11-16 10:38:00.376662,2023-11-16 10:40:26.702351,0 days 00:02:26.325689,6.84952320476963,0.08581153392909742,10,COMPLETE
100,100,0.6942673992673993,2023-11-16 10:40:26.707725,2023-11-16 10:42:47.315199,0 days 00:02:20.607474,4.760379033711834,0.06843232661025485,10,COMPLETE
101,101,0.7467673992673993,2023-11-16 10:42:47.320024,2023-11-16 10:45:04.921363,0 days 00:02:17.601339,5.0279317767236025,0.08905847449149039,10,COMPLETE
102,102,0.7467673992673993,2023-11-16 10:45:04.926612,2023-11-16 10:47:34.588914,0 days 00:02:29.662302,5.8201619247175005,0.08121323933894718,10,COMPLETE
103,103,0.6942673992673993,2023-11-16 10:47:34.596324,2023-11-16 10:50:01.530077,0 days 00:02:26.933753,6.529277428970906,0.08995290143199394,10,COMPLETE
104,104,0.6942673992673993,2023-11-16 10:50:01.538925,2023-11-16 10:51:44.112830,0 days 00:01:42.573905,3.3933013874615408,0.07824367666192876,9,COMPLETE
105,105,0.7342673992673994,2023-11-16 10:51:44.119472,2023-11-16 10:54:09.723138,0 days 00:02:25.603666,7.484724883617174,0.09141080530200112,10,COMPLETE
106,106,0.7342673992673994,2023-11-16 10:54:09.729139,2023-11-16 10:56:26.554647,0 days 00:02:16.825508,4.533141434781433,0.08351887594301803,10,COMPLETE
107,107,0.7467673992673993,2023-11-16 10:56:26.561756,2023-11-16 10:58:55.186136,0 days 00:02:28.624380,8.147811135013331,0.08726631971158097,10,COMPLETE
108,108,0.7342673992673994,2023-11-16 10:58:55.196227,2023-11-16 11:01:14.680692,0 days 00:02:19.484465,5.205612285987215,0.07363686658363816,10,COMPLETE
109,109,0.6942673992673993,2023-11-16 11:01:14.688456,2023-11-16 11:03:01.427017,0 days 00:01:46.738561,3.821644369231578,0.08154251496148654,9,COMPLETE
110,110,0.7342673992673994,2023-11-16 11:03:01.431792,2023-11-16 11:05:21.252469,0 days 00:02:19.820677,5.831230938702578,0.08559377095019872,10,COMPLETE
111,111,0.7467673992673993,2023-11-16 11:05:21.258432,2023-11-16 11:07:48.783542,0 days 00:02:27.525110,7.003844246990106,0.07585588315809931,10,COMPLETE
112,112,0.7467673992673993,2023-11-16 11:07:48.788285,2023-11-16 11:10:30.463371,0 days 00:02:41.675086,7.3021039278661055,0.07789624137713556,10,COMPLETE
113,113,0.7467673992673993,2023-11-16 11:10:30.468970,2023-11-16 11:12:56.194934,0 days 00:02:25.725964,6.425077145299468,0.07520263265572442,10,COMPLETE
114,114,0.7342673992673994,2023-11-16 11:12:56.203134,2023-11-16 11:15:28.691709,0 days 00:02:32.488575,7.793097420193535,0.07095369809869516,10,COMPLETE
115,115,0.7067673992673993,2023-11-16 11:15:28.701942,2023-11-16 11:18:07.548546,0 days 00:02:38.846604,8.61555586389577,0.07465457191201916,10,COMPLETE
116,116,0.7467673992673993,2023-11-16 11:18:07.553807,2023-11-16 11:20:39.104631,0 days 00:02:31.550824,6.984928089822563,0.07896652420549749,10,COMPLETE
117,117,0.7342673992673994,2023-11-16 11:20:39.111280,2023-11-16 11:23:05.460907,0 days 00:02:26.349627,5.9191175800011715,0.08341200719057518,10,COMPLETE
118,118,0.7342673992673994,2023-11-16 11:23:05.466207,2023-11-16 11:25:29.211540,0 days 00:02:23.745333,4.824164391460693,0.072772249454719,10,COMPLETE
119,119,0.7067673992673993,2023-11-16 11:25:29.216121,2023-11-16 11:28:12.111215,0 days 00:02:42.895094,9.388201924448904,0.08090372476304535,10,COMPLETE
120,120,0.7067673992673993,2023-11-16 11:28:12.117973,2023-11-16 11:29:53.973908,0 days 00:01:41.855935,2.9024562751616667,0.08798657494378757,9,COMPLETE
121,121,0.7342673992673994,2023-11-16 11:29:53.981858,2023-11-16 11:32:24.320938,0 days 00:02:30.339080,5.576749223301031,0.07971456453287133,10,COMPLETE
122,122,0.7467673992673993,2023-11-16 11:32:24.328752,2023-11-16 11:34:49.789994,0 days 00:02:25.461242,5.143096058723103,0.07713317589439124,10,COMPLETE
123,123,0.7342673992673994,2023-11-16 11:34:49.795603,2023-11-16 11:37:21.424306,0 days 00:02:31.628703,6.457703226109016,0.08162087033590006,10,COMPLETE
124,124,0.6942673992673993,2023-11-16 11:37:21.435666,2023-11-16 11:39:40.406409,0 days 00:02:18.970743,4.1566410592362155,0.08534458245898484,10,COMPLETE
125,125,0.7067673992673993,2023-11-16 11:39:40.413986,2023-11-16 11:42:17.144799,0 days 00:02:36.730813,7.417664915042954,0.07926299921806237,10,COMPLETE
126,126,0.6942673992673993,2023-11-16 11:42:17.150893,2023-11-16 11:44:54.711444,0 days 00:02:37.560551,8.166662734686836,0.0748596933518135,10,COMPLETE
127,127,0.7467673992673993,2023-11-16 11:44:54.718652,2023-11-16 11:47:22.515182,0 days 00:02:27.796530,5.5299369276526535,0.07194073049663835,10,COMPLETE
128,128,0.7067673992673993,2023-11-16 11:47:22.520835,2023-11-16 11:49:55.946468,0 days 00:02:33.425633,6.691988814257342,0.08364478321335936,10,COMPLETE
129,129,0.7067673992673993,2023-11-16 11:49:55.951266,2023-11-16 11:52:18.819201,0 days 00:02:22.867935,4.426895618527077,0.07759710849294459,10,COMPLETE
130,130,0.6942673992673993,2023-11-16 11:52:18.824890,2023-11-16 11:54:54.222927,0 days 00:02:35.398037,7.337549201483591,0.0693250649185568,10,COMPLETE
131,131,0.7467673992673993,2023-11-16 11:54:54.228336,2023-11-16 11:57:17.736757,0 days 00:02:23.508421,4.981248710441019,0.08871108568890694,10,COMPLETE
132,132,0.7467673992673993,2023-11-16 11:57:17.744007,2023-11-16 11:59:37.318627,0 days 00:02:19.574620,5.251903944527239,0.09002729841564494,10,COMPLETE
133,133,0.7342673992673994,2023-11-16 11:59:37.326653,2023-11-16 12:02:01.647524,0 days 00:02:24.320871,6.296409605249387,0.09347893213673553,10,COMPLETE
134,134,0.7067673992673993,2023-11-16 12:02:01.653959,2023-11-16 12:04:17.042151,0 days 00:02:15.388192,3.2984246047748815,0.0811000178197694,10,COMPLETE
135,135,0.7342673992673994,2023-11-16 12:04:17.046558,2023-11-16 12:06:52.464133,0 days 00:02:35.417575,5.976167663586374,0.08628367762597598,10,COMPLETE
136,136,0.6942673992673993,2023-11-16 12:06:52.468446,2023-11-16 12:08:57.863281,0 days 00:02:05.394835,2.344922332014371,0.08334148614360154,10,COMPLETE
137,137,0.6942673992673993,2023-11-16 12:08:57.867807,2023-11-16 12:11:18.170974,0 days 00:02:20.303167,3.7819553854556407,0.09748293252855833,10,COMPLETE
138,138,0.7067673992673993,2023-11-16 12:11:18.194278,2023-11-16 12:13:49.022178,0 days 00:02:30.827900,4.8419997737298655,0.06640164103084345,10,COMPLETE
139,139,0.6942673992673993,2023-11-16 12:13:49.026957,2023-11-16 12:15:53.793439,0 days 00:02:04.766482,7.982568600875434,0.08899916195703031,9,COMPLETE
140,140,0.7067673992673993,2023-11-16 12:15:53.801476,2023-11-16 12:18:23.236095,0 days 00:02:29.434619,6.801626744547577,0.07672233666078242,10,COMPLETE
141,141,0.7467673992673993,2023-11-16 12:18:23.243819,2023-11-16 12:20:53.605070,0 days 00:02:30.361251,5.554513092659366,0.07996013632812346,10,COMPLETE
142,142,0.7467673992673993,2023-11-16 12:20:53.611597,2023-11-16 12:23:19.869624,0 days 00:02:26.258027,5.734812683968016,0.08174694341216611,10,COMPLETE
143,143,0.7342673992673994,2023-11-16 12:23:19.875997,2023-11-16 12:25:44.760423,0 days 00:02:24.884426,6.130017712496745,0.09210465601598357,10,COMPLETE
144,144,0.7467673992673993,2023-11-16 12:25:44.766315,2023-11-16 12:28:13.966008,0 days 00:02:29.199693,7.252661133264434,0.08524999229198837,10,COMPLETE
145,145,0.6942673992673993,2023-11-16 12:28:13.971792,2023-11-16 12:30:48.566567,0 days 00:02:34.594775,8.681713088971614,0.0789718222988033,10,COMPLETE
146,146,0.6942673992673993,2023-11-16 12:30:48.574693,2023-11-16 12:33:09.752221,0 days 00:02:21.177528,4.474740239868126,0.07414887002087042,10,COMPLETE
147,147,0.7342673992673994,2023-11-16 12:33:09.759502,2023-11-16 12:35:39.871641,0 days 00:02:30.112139,6.7316429089407235,0.08203021613425009,10,COMPLETE
148,148,0.7467673992673993,2023-11-16 12:35:39.876603,2023-11-16 12:38:01.036760,0 days 00:02:21.160157,5.169316305649434,0.08673003397828269,10,COMPLETE
149,149,0.6942673992673993,2023-11-16 12:38:01.042100,2023-11-16 12:40:36.243229,0 days 00:02:35.201129,8.039875688491394,0.07674588238849345,10,COMPLETE
150,150,0.7342673992673994,2023-11-16 12:40:36.249474,2023-11-16 12:42:59.248819,0 days 00:02:22.999345,6.071536410235034,0.08425131535370227,10,COMPLETE
151,151,0.7467673992673993,2023-11-16 12:42:59.256410,2023-11-16 12:45:38.811652,0 days 00:02:39.555242,7.544049564411325,0.08724399069436733,10,COMPLETE
152,152,0.7067673992673993,2023-11-16 12:45:38.816326,2023-11-16 12:48:17.537269,0 days 00:02:38.720943,10.404660280376602,0.08071307231977037,10,COMPLETE
153,153,0.6942673992673993,2023-11-16 12:48:17.543251,2023-11-16 12:50:49.249830,0 days 00:02:31.706579,8.391447785230383,0.09048743516059024,10,COMPLETE
154,154,0.7342673992673994,2023-11-16 12:50:49.256239,2023-11-16 12:53:16.109623,0 days 00:02:26.853384,6.9309675021577455,0.083100106258407,10,COMPLETE
155,155,0.6942673992673993,2023-11-16 12:53:16.115476,2023-11-16 12:55:47.921382,0 days 00:02:31.805906,8.02411027052255,0.09541463317497059,10,COMPLETE
156,156,0.7067673992673993,2023-11-16 12:55:47.926168,2023-11-16 12:58:27.088530,0 days 00:02:39.162362,9.231668637368795,0.07844909084544321,10,COMPLETE
157,157,0.7467673992673993,2023-11-16 12:58:27.093125,2023-11-16 13:00:56.595670,0 days 00:02:29.502545,6.375380733082779,0.07218211925178647,10,COMPLETE
158,158,0.7467673992673993,2023-11-16 13:00:56.600689,2023-11-16 13:03:24.084946,0 days 00:02:27.484257,5.625392629151719,0.07516858135684278,10,COMPLETE
159,159,0.6942673992673993,2023-11-16 13:03:24.091399,2023-11-16 13:05:33.367178,0 days 00:02:09.275779,4.050194818674834,0.08738084168590055,10,COMPLETE
160,160,0.6942673992673993,2023-11-16 13:05:33.375952,2023-11-16 13:07:30.569399,0 days 00:01:57.193447,7.576030133469119,0.08043910330864257,9,COMPLETE
161,161,0.7467673992673993,2023-11-16 13:07:30.577476,2023-11-16 13:10:10.449270,0 days 00:02:39.871794,6.987085460765268,0.07588633366780728,10,COMPLETE
162,162,0.7067673992673993,2023-11-16 13:10:10.455567,2023-11-16 13:12:38.251703,0 days 00:02:27.796136,7.2368019628148454,0.07833515974776667,10,COMPLETE
163,163,0.7067673992673993,2023-11-16 13:12:38.260459,2023-11-16 13:14:57.709759,0 days 00:02:19.449300,4.806279061204976,0.07562067170932349,10,COMPLETE
164,164,0.7342673992673994,2023-11-16 13:14:57.718682,2023-11-16 13:17:23.801662,0 days 00:02:26.082980,6.502693478042384,0.08273420598762421,10,COMPLETE
165,165,0.7067673992673993,2023-11-16 13:17:23.810197,2023-11-16 13:19:55.250555,0 days 00:02:31.440358,8.780966758887365,0.08496865814538607,10,COMPLETE
166,166,0.7467673992673993,2023-11-16 13:19:55.257346,2023-11-16 13:22:24.503201,0 days 00:02:29.245855,5.3277725940370635,0.07280418259454645,10,COMPLETE
167,167,0.7342673992673994,2023-11-16 13:22:24.507610,2023-11-16 13:24:53.786057,0 days 00:02:29.278447,5.986459115907412,0.08040123680883896,10,COMPLETE
168,168,0.7342673992673994,2023-11-16 13:24:53.791217,2023-11-16 13:27:16.940831,0 days 00:02:23.149614,6.891164030931609,0.08941356117428784,10,COMPLETE
169,169,0.7067673992673993,2023-11-16 13:27:16.947266,2023-11-16 13:29:53.780043,0 days 00:02:36.832777,7.858223645103845,0.07730952036361455,10,COMPLETE
170,170,0.7342673992673994,2023-11-16 13:29:53.784886,2023-11-16 13:32:22.052175,0 days 00:02:28.267289,6.196737148996088,0.09291485587486513,10,COMPLETE
171,171,0.7467673992673993,2023-11-16 13:32:22.058948,2023-11-16 13:35:06.154854,0 days 00:02:44.095906,7.239664447194333,0.07853519541340563,10,COMPLETE
172,172,0.6942673992673993,2023-11-16 13:35:06.162467,2023-11-16 13:37:41.944029,0 days 00:02:35.781562,8.192860139266886,0.07446327994838528,10,COMPLETE
173,173,0.7467673992673993,2023-11-16 13:37:41.952510,2023-11-16 13:40:15.681830,0 days 00:02:33.729320,7.257767124843245,0.07643853222971185,10,COMPLETE
174,174,0.7467673992673993,2023-11-16 13:40:15.688629,2023-11-16 13:42:42.032357,0 days 00:02:26.343728,6.647978046560495,0.08103634980326305,10,COMPLETE
175,175,0.7467673992673993,2023-11-16 13:42:42.041822,2023-11-16 13:45:04.992219,0 days 00:02:22.950397,5.412703580791045,0.07859294909179403,10,COMPLETE
176,176,0.6942673992673993,2023-11-16 13:45:05.000062,2023-11-16 13:47:30.489543,0 days 00:02:25.489481,4.561621726746126,0.07098893624065658,10,COMPLETE
177,177,0.7342673992673994,2023-11-16 13:47:30.497220,2023-11-16 13:50:00.067966,0 days 00:02:29.570746,5.8739957497492705,0.08290986661440593,10,COMPLETE
178,178,0.7067673992673993,2023-11-16 13:50:00.072870,2023-11-16 13:52:37.613221,0 days 00:02:37.540351,8.339049137399204,0.08424891511023894,10,COMPLETE
179,179,0.7342673992673994,2023-11-16 13:52:37.618465,2023-11-16 13:55:07.646889,0 days 00:02:30.028424,7.735685192677328,0.0863900475531797,10,COMPLETE
180,180,0.7342673992673994,2023-11-16 13:55:07.660512,2023-11-16 13:57:27.989018,0 days 00:02:20.328506,5.079743289800943,0.07678004479088917,10,COMPLETE
181,181,0.7467673992673993,2023-11-16 13:57:27.996700,2023-11-16 13:59:54.883144,0 days 00:02:26.886444,6.502197192122167,0.07411601480927615,10,COMPLETE
182,182,0.7467673992673993,2023-11-16 13:59:54.889216,2023-11-16 14:02:28.634890,0 days 00:02:33.745674,7.040325775841016,0.07987147208224421,10,COMPLETE
183,183,0.7342673992673994,2023-11-16 14:02:28.639975,2023-11-16 14:04:54.134995,0 days 00:02:25.495020,6.103819446783403,0.075251574616016,10,COMPLETE
184,184,0.7467673992673993,2023-11-16 14:04:54.142622,2023-11-16 14:07:19.336070,0 days 00:02:25.193448,6.4916546971210645,0.07797636113133546,10,COMPLETE
185,185,0.6942673992673993,2023-11-16 14:07:19.343057,2023-11-16 14:09:48.388205,0 days 00:02:29.045148,7.663231682954014,0.07009976987824482,10,COMPLETE
186,186,0.6942673992673993,2023-11-16 14:09:48.395926,2023-11-16 14:11:58.435225,0 days 00:02:10.039299,3.6245909158804825,0.0813994257741769,10,COMPLETE
187,187,0.7067673992673993,2023-11-16 14:11:58.442009,2023-11-16 14:13:11.788131,0 days 00:01:13.346122,5.671557334972861,0.07368407771129282,6,COMPLETE
188,188,0.7067673992673993,2023-11-16 14:13:11.795135,2023-11-16 14:15:48.147116,0 days 00:02:36.351981,8.900715842141143,0.061218658615991434,10,COMPLETE
189,189,0.7067673992673993,2023-11-16 14:15:48.155975,2023-11-16 14:18:00.473939,0 days 00:02:12.317964,4.333350164992537,0.09149445713556752,10,COMPLETE
190,190,0.7467673992673993,2023-11-16 14:18:00.480261,2023-11-16 14:20:30.473595,0 days 00:02:29.993334,7.1633255405866,0.07968445524873179,10,COMPLETE
191,191,0.7467673992673993,2023-11-16 14:20:30.481697,2023-11-16 14:22:56.215132,0 days 00:02:25.733435,6.855661745394345,0.07770800291827788,10,COMPLETE
192,192,0.7467673992673993,2023-11-16 14:22:56.223025,2023-11-16 14:25:37.133426,0 days 00:02:40.910401,6.382865581018278,0.07578005608743793,10,COMPLETE
193,193,0.7467673992673993,2023-11-16 14:25:37.140938,2023-11-16 14:28:08.702748,0 days 00:02:31.561810,7.534933608533243,0.08203494431807368,10,COMPLETE
194,194,0.7342673992673994,2023-11-16 14:28:08.709535,2023-11-16 14:30:27.561031,0 days 00:02:18.851496,5.017584551036979,0.07933734714676714,10,COMPLETE
195,195,0.7342673992673994,2023-11-16 14:30:27.567335,2023-11-16 14:32:49.141103,0 days 00:02:21.573768,5.840100812313418,0.08431424920832828,10,COMPLETE
196,196,0.7067673992673993,2023-11-16 14:32:49.148695,2023-11-16 14:35:19.147879,0 days 00:02:29.999184,8.330474587492205,0.08748761199480436,10,COMPLETE
197,197,0.7067673992673993,2023-11-16 14:35:19.155801,2023-11-16 14:37:46.503808,0 days 00:02:27.348007,6.710181494190706,0.07177039643952446,10,COMPLETE
198,198,0.7067673992673993,2023-11-16 14:37:46.509765,2023-11-16 14:40:15.475630,0 days 00:02:28.965865,7.278107343363561,0.0775671678769216,10,COMPLETE
199,199,0.7067673992673993,2023-11-16 14:40:15.481651,2023-11-16 14:42:50.894714,0 days 00:02:35.413063,9.724688651288623,0.08881847289791255,10,COMPLETE
200,200,0.7067673992673993,2023-11-16 14:42:50.901017,2023-11-16 14:45:32.508383,0 days 00:02:41.607366,11.915118320953976,0.0676804574180765,10,COMPLETE
201,201,0.7342673992673994,2023-11-16 14:45:32.515503,2023-11-16 14:47:52.674773,0 days 00:02:20.159270,5.06264426967038,0.07693440560981905,10,COMPLETE
202,202,0.7467673992673993,2023-11-16 14:47:52.679313,2023-11-16 14:50:18.577620,0 days 00:02:25.898307,5.525379182380812,0.08010357920827005,10,COMPLETE
203,203,0.6942673992673993,2023-11-16 14:50:18.584030,2023-11-16 14:52:48.431422,0 days 00:02:29.847392,4.502709963978043,0.07608633746999513,10,COMPLETE
204,204,0.7342673992673994,2023-11-16 14:52:48.436360,2023-11-16 14:55:16.876184,0 days 00:02:28.439824,6.155319730159762,0.08170656823512763,10,COMPLETE
205,205,0.7342673992673994,2023-11-16 14:55:16.883611,2023-11-16 14:57:36.552838,0 days 00:02:19.669227,5.207630972807854,0.07411274734828802,10,COMPLETE
206,206,0.7067673992673993,2023-11-16 14:57:36.562048,2023-11-16 15:00:22.193085,0 days 00:02:45.631037,15.71295573312048,0.07941604243565314,10,COMPLETE
207,207,0.6942673992673993,2023-11-16 15:00:22.198508,2023-11-16 15:02:36.315761,0 days 00:02:14.117253,3.947850771762509,0.08309856726281965,10,COMPLETE
208,208,0.7067673992673993,2023-11-16 15:02:36.323832,2023-11-16 15:05:07.376194,0 days 00:02:31.052362,7.743813280778559,0.08591945802782278,10,COMPLETE
209,209,0.7467673992673993,2023-11-16 15:05:07.382616,2023-11-16 15:07:46.320394,0 days 00:02:38.937778,6.82581152799572,0.05734492608585032,10,COMPLETE
210,210,0.7342673992673994,2023-11-16 15:07:46.326860,2023-11-16 15:10:06.574601,0 days 00:02:20.247741,6.001106150482336,0.0781436496158672,10,COMPLETE
211,211,0.7467673992673993,2023-11-16 15:10:06.582103,2023-11-16 15:12:32.315233,0 days 00:02:25.733130,5.483536564034914,0.0723136062428632,10,COMPLETE
212,212,0.7067673992673993,2023-11-16 15:12:32.322529,2023-11-16 15:15:15.552350,0 days 00:02:43.229821,13.709234159204374,0.07631010499287712,10,COMPLETE
213,213,0.7467673992673993,2023-11-16 15:15:15.558484,2023-11-16 15:17:50.828208,0 days 00:02:35.269724,6.487559341778582,0.07499902717372836,10,COMPLETE
214,214,0.7067673992673993,2023-11-16 15:17:50.834685,2023-11-16 15:20:13.660486,0 days 00:02:22.825801,4.86888574916177,0.07277441253665905,10,COMPLETE
215,215,0.7467673992673993,2023-11-16 15:20:13.667329,2023-11-16 15:22:37.768326,0 days 00:02:24.100997,5.65176081285435,0.0805999444876678,10,COMPLETE
216,216,0.7467673992673993,2023-11-16 15:22:37.776514,2023-11-16 15:25:11.486733,0 days 00:02:33.710219,7.121733456703329,0.07795350662829639,10,COMPLETE
217,217,0.7342673992673994,2023-11-16 15:25:11.495875,2023-11-16 15:27:33.213595,0 days 00:02:21.717720,6.213894734251463,0.08219862243266293,10,COMPLETE
218,218,0.7067673992673993,2023-11-16 15:27:33.220176,2023-11-16 15:30:01.997704,0 days 00:02:28.777528,7.719520749577196,0.07510330029245323,10,COMPLETE
219,219,0.6942673992673993,2023-11-16 15:30:02.004663,2023-11-16 15:32:16.965326,0 days 00:02:14.960663,4.219276900689156,0.07893281604035118,10,COMPLETE
220,220,0.7067673992673993,2023-11-16 15:32:16.971927,2023-11-16 15:34:57.242541,0 days 00:02:40.270614,10.514935365747032,0.0707949417509695,10,COMPLETE
221,221,0.7342673992673994,2023-11-16 15:34:57.254656,2023-11-16 15:37:12.313479,0 days 00:02:15.058823,4.678307123295914,0.08884355844405528,10,COMPLETE
222,222,0.7342673992673994,2023-11-16 15:37:12.318313,2023-11-16 15:39:34.895269,0 days 00:02:22.576956,5.250784549489791,0.09046556552630378,10,COMPLETE
223,223,0.7467673992673993,2023-11-16 15:39:34.902618,2023-11-16 15:41:55.564676,0 days 00:02:20.662058,6.828420053276499,0.09359762178722823,10,COMPLETE
224,224,0.6942673992673993,2023-11-16 15:41:55.570799,2023-11-16 15:44:29.848461,0 days 00:02:34.277662,5.706110836840364,0.08461029132529103,10,COMPLETE
225,225,0.7342673992673994,2023-11-16 15:44:29.853282,2023-11-16 15:46:53.275798,0 days 00:02:23.422516,5.103278890068428,0.06547488315117053,10,COMPLETE
226,226,0.7067673992673993,2023-11-16 15:46:53.285816,2023-11-16 15:49:35.686039,0 days 00:02:42.400223,17.51030346132557,0.0882783823888661,10,COMPLETE
227,227,0.7467673992673993,2023-11-16 15:49:35.694828,2023-11-16 15:52:01.477298,0 days 00:02:25.782470,6.492459521094958,0.07696814510516434,10,COMPLETE
228,228,0.6942673992673993,2023-11-16 15:52:01.483504,2023-11-16 15:54:20.530548,0 days 00:02:19.047044,2.962160803025356,0.05222465064433936,10,COMPLETE
229,229,0.6942673992673993,2023-11-16 15:54:20.539590,2023-11-16 15:56:33.268038,0 days 00:02:12.728448,3.3971494225856933,0.08038335013111186,10,COMPLETE
230,230,0.7467673992673993,2023-11-16 15:56:33.274767,2023-11-16 15:58:58.153345,0 days 00:02:24.878578,7.183217762702957,0.08639788303243984,10,COMPLETE
231,231,0.7342673992673994,2023-11-16 15:58:58.161612,2023-11-16 16:01:17.895981,0 days 00:02:19.734369,5.2519634658133,0.09085498525840369,10,COMPLETE
232,232,0.7467673992673993,2023-11-16 16:01:17.902151,2023-11-16 16:03:38.177421,0 days 00:02:20.275270,5.86502685991923,0.08997124440765854,10,COMPLETE
233,233,0.7342673992673994,2023-11-16 16:03:38.185412,2023-11-16 16:05:54.595944,0 days 00:02:16.410532,4.6915862286903955,0.09278461746848278,10,COMPLETE
234,234,0.6942673992673993,2023-11-16 16:05:54.603427,2023-11-16 16:08:22.062478,0 days 00:02:27.459051,8.146464182648712,0.09721106829424236,10,COMPLETE
235,235,0.6942673992673993,2023-11-16 16:08:22.070422,2023-11-16 16:10:39.016635,0 days 00:02:16.946213,3.9009917483935044,0.09495410339763866,10,COMPLETE
236,236,0.7342673992673994,2023-11-16 16:10:39.023906,2023-11-16 16:13:05.574850,0 days 00:02:26.550944,6.277262851096996,0.07838562506959247,10,COMPLETE
237,237,0.7467673992673993,2023-11-16 16:13:05.583971,2023-11-16 16:15:26.248949,0 days 00:02:20.664978,5.4081242261498685,0.08395294387204137,10,COMPLETE
238,238,0.7067673992673993,2023-11-16 16:15:26.258552,2023-11-16 16:17:57.635840,0 days 00:02:31.377288,7.331039457866927,0.07587200110800504,10,COMPLETE
239,239,0.7067673992673993,2023-11-16 16:17:57.642738,2023-11-16 16:20:14.814250,0 days 00:02:17.171512,4.74291285719187,0.08789980224915507,10,COMPLETE
240,240,0.6942673992673993,2023-11-16 16:20:14.823684,2023-11-16 16:22:41.781159,0 days 00:02:26.957475,6.682805159707319,0.08179338164847927,10,COMPLETE
241,241,0.7467673992673993,2023-11-16 16:22:41.789643,2023-11-16 16:25:03.725898,0 days 00:02:21.936255,5.657142637485772,0.08011060843871236,10,COMPLETE
242,242,0.7342673992673994,2023-11-16 16:25:03.737722,2023-11-16 16:27:24.612607,0 days 00:02:20.874885,6.000670145106211,0.07895452962431995,10,COMPLETE
243,243,0.7342673992673994,2023-11-16 16:27:24.619647,2023-11-16 16:30:02.082020,0 days 00:02:37.462373,5.277723795339865,0.04189545372438236,10,COMPLETE
244,244,0.7067673992673993,2023-11-16 16:30:02.091270,2023-11-16 16:32:33.360575,0 days 00:02:31.269305,7.0106278387798655,0.0741121006147871,10,COMPLETE
245,245,0.6934340659340659,2023-11-16 16:32:33.366619,2023-11-16 16:33:54.730077,0 days 00:01:21.363458,6.193147559207295,0.0768704722037903,7,COMPLETE
246,246,0.6942673992673993,2023-11-16 16:33:54.736159,2023-11-16 16:36:18.246546,0 days 00:02:23.510387,4.288451762971807,0.08113169836039533,10,COMPLETE
247,247,0.6942673992673993,2023-11-16 16:36:18.253728,2023-11-16 16:38:11.015827,0 days 00:01:52.762099,1.7143274398417176,0.08527120267094968,10,COMPLETE
248,248,0.7467673992673993,2023-11-16 16:38:11.025643,2023-11-16 16:40:29.286516,0 days 00:02:18.260873,5.004388521275441,0.07894416567812045,10,COMPLETE
249,249,0.6942673992673993,2023-11-16 16:40:29.304224,2023-11-16 16:42:59.695187,0 days 00:02:30.390963,7.646448139606709,0.08319197931921612,10,COMPLETE
250,250,0.6942673992673993,2023-11-16 16:42:59.703042,2023-11-16 16:45:32.152159,0 days 00:02:32.449117,8.464362176769818,0.07703887075234518,10,COMPLETE
251,251,0.7467673992673993,2023-11-16 16:45:32.159072,2023-11-16 16:47:49.918144,0 days 00:02:17.759072,5.648228884464056,0.08982739898007873,10,COMPLETE
252,252,0.7067673992673993,2023-11-16 16:47:49.927336,2023-11-16 16:50:33.226410,0 days 00:02:43.299074,14.51431952262072,0.07320150477505909,10,COMPLETE
253,253,0.7467673992673993,2023-11-16 16:50:33.233902,2023-11-16 16:53:07.512615,0 days 00:02:34.278713,6.4774192049436525,0.05467345999658976,10,COMPLETE
254,254,0.6942673992673993,2023-11-16 16:53:07.523478,2023-11-16 16:55:17.233180,0 days 00:02:09.709702,3.672794909885264,0.08053820262149536,10,COMPLETE
255,255,0.7467673992673993,2023-11-16 16:55:17.241006,2023-11-16 16:57:42.916705,0 days 00:02:25.675699,7.228102127777248,0.08658334410012881,10,COMPLETE
256,256,0.7067673992673993,2023-11-16 16:57:42.923640,2023-11-16 17:00:28.290361,0 days 00:02:45.366721,15.19402472063013,0.0750659697879445,10,COMPLETE
257,257,0.6967673992673993,2023-11-16 17:00:28.296946,2023-11-16 17:01:50.323816,0 days 00:01:22.026870,4.460213616277583,0.01669549826616208,5,COMPLETE
258,258,0.7067673992673993,2023-11-16 17:01:50.330726,2023-11-16 17:04:32.181586,0 days 00:02:41.850860,7.8023121283719945,0.049106690069723194,10,COMPLETE
259,259,0.7067673992673993,2023-11-16 17:04:32.188060,2023-11-16 17:07:13.388145,0 days 00:02:41.200085,16.792924214870617,0.0035876932448523705,10,COMPLETE
260,260,0.7467673992673993,2023-11-16 17:07:13.394617,2023-11-16 17:09:41.131631,0 days 00:02:27.737014,6.747935645614161,0.07817144461304572,10,COMPLETE
261,261,0.7342673992673994,2023-11-16 17:09:41.136403,2023-11-16 17:11:57.720732,0 days 00:02:16.584329,5.631069418225401,0.09160778698893525,10,COMPLETE
262,262,0.7067673992673993,2023-11-16 17:11:57.725075,2023-11-16 17:14:27.505615,0 days 00:02:29.780540,8.805587920308213,0.08194507654381121,10,COMPLETE
263,263,0.7342673992673994,2023-11-16 17:14:27.510400,2023-11-16 17:16:55.472644,0 days 00:02:27.962244,4.948495588580081,0.04606606763562536,10,COMPLETE
264,264,0.7067673992673993,2023-11-16 17:16:55.477374,2023-11-16 17:18:33.106114,0 days 00:01:37.628740,6.159214466747789,0.06868890045453008,8,COMPLETE
265,265,0.7467673992673993,2023-11-16 17:18:33.114031,2023-11-16 17:20:58.338723,0 days 00:02:25.224692,6.899561771995788,0.08392225904642703,10,COMPLETE
266,266,0.7467673992673993,2023-11-16 17:20:58.343632,2023-11-16 17:23:13.971995,0 days 00:02:15.628363,5.357351780198439,0.08845887441088424,10,COMPLETE
267,267,0.6942673992673993,2023-11-16 17:23:13.978309,2023-11-16 17:25:42.590886,0 days 00:02:28.612577,8.076714955476335,0.07617712470547175,10,COMPLETE
268,268,0.7067673992673993,2023-11-16 17:25:42.595779,2023-11-16 17:28:33.182540,0 days 00:02:50.586761,22.07364868006345,0.03310040155503244,10,COMPLETE
269,269,0.7342673992673994,2023-11-16 17:28:33.189014,2023-11-16 17:30:47.109849,0 days 00:02:13.920835,4.088127600839775,0.07985687167164778,10,COMPLETE
270,270,0.7342673992673994,2023-11-16 17:30:47.116590,2023-11-16 17:33:11.677615,0 days 00:02:24.561025,6.050449287468969,0.07195716549275342,10,COMPLETE
271,271,0.7467673992673993,2023-11-16 17:33:11.684288,2023-11-16 17:35:41.118722,0 days 00:02:29.434434,7.409887122552001,0.07744859516786769,10,COMPLETE
272,272,0.7067673992673993,2023-11-16 17:35:41.125578,2023-11-16 17:38:18.029720,0 days 00:02:36.904142,12.47683355203857,0.08559586167867177,10,COMPLETE
273,273,0.7467673992673993,2023-11-16 17:38:18.034574,2023-11-16 17:40:45.656495,0 days 00:02:27.621921,6.51007365635282,0.07497866816437099,10,COMPLETE
274,274,0.7067673992673993,2023-11-16 17:40:45.661682,2023-11-16 17:43:11.744565,0 days 00:02:26.082883,9.192749169521433,0.0999919913751087,10,COMPLETE
275,275,0.7467673992673993,2023-11-16 17:43:11.750735,2023-11-16 17:45:28.026403,0 days 00:02:16.275668,4.983196205987657,0.08199923506225625,10,COMPLETE
276,276,0.7467673992673993,2023-11-16 17:45:28.031193,2023-11-16 17:47:49.122802,0 days 00:02:21.091609,5.690501074238632,0.0793702490030549,10,COMPLETE
277,277,0.6942673992673993,2023-11-16 17:47:49.129020,2023-11-16 17:49:55.541014,0 days 00:02:06.411994,2.7858391739959014,0.0874730727303409,10,COMPLETE
278,278,0.7467673992673993,2023-11-16 17:49:55.545877,2023-11-16 17:52:24.003370,0 days 00:02:28.457493,7.384373708853028,0.08317221646856884,10,COMPLETE
279,279,0.6942673992673993,2023-11-16 17:52:24.008530,2023-11-16 17:54:46.779070,0 days 00:02:22.770540,4.587889061535118,0.07751228606288915,10,COMPLETE
280,280,0.7342673992673994,2023-11-16 17:54:46.785790,2023-11-16 17:57:10.877837,0 days 00:02:24.092047,6.609769711018177,0.07348608070186527,10,COMPLETE
281,281,0.6942673992673993,2023-11-16 17:57:10.884139,2023-11-16 17:59:35.515057,0 days 00:02:24.630918,7.9713985477585405,0.09211857878859826,10,COMPLETE
282,282,0.7467673992673993,2023-11-16 17:59:35.521696,2023-11-16 18:01:55.920658,0 days 00:02:20.398962,5.756211632420883,0.08003650820948709,10,COMPLETE
283,283,0.7067673992673993,2023-11-16 18:01:55.925702,2023-11-16 18:04:29.056992,0 days 00:02:33.131290,11.40107191843674,0.09410657420391758,10,COMPLETE
284,284,0.7067673992673993,2023-11-16 18:04:29.062179,2023-11-16 18:07:08.669795,0 days 00:02:39.607616,19.984190795236266,0.060909975439422434,10,COMPLETE
285,285,0.7067673992673993,2023-11-16 18:07:08.675128,2023-11-16 18:09:51.483189,0 days 00:02:42.808061,18.034077374327328,0.08982982850989156,10,COMPLETE
286,286,0.7067673992673993,2023-11-16 18:09:51.492915,2023-11-16 18:12:35.682222,0 days 00:02:44.189307,24.667014862531687,0.07591792371903122,10,COMPLETE
287,287,0.6942673992673993,2023-11-16 18:12:35.687411,2023-11-16 18:14:31.442552,0 days 00:01:55.755141,6.983727580062898,0.08539757816547938,9,COMPLETE
288,288,0.7067673992673993,2023-11-16 18:14:31.448252,2023-11-16 18:15:43.038124,0 days 00:01:11.589872,5.206682649841816,0.07867214788431805,6,COMPLETE
289,289,0.7067673992673993,2023-11-16 18:15:43.042986,2023-11-16 18:16:44.761046,0 days 00:01:01.718060,1.0400539524468786,0.08096051333887981,4,COMPLETE
290,290,0.7467673992673993,2023-11-16 18:16:44.766505,2023-11-16 18:19:21.689216,0 days 00:02:36.922711,6.2486305874287,0.06988460703662827,10,COMPLETE
291,291,0.6942673992673993,2023-11-16 18:19:21.694249,2023-11-16 18:21:29.568152,0 days 00:02:07.873903,3.347597348730977,0.08265260464918167,10,COMPLETE
292,292,0.7067673992673993,2023-11-16 18:21:29.574065,2023-11-16 18:24:05.966049,0 days 00:02:36.391984,8.516824438031104,0.06289328649845033,10,COMPLETE
293,293,0.7342673992673994,2023-11-16 18:24:05.981456,2023-11-16 18:26:34.843860,0 days 00:02:28.862404,7.320707304352959,0.07372752785226099,10,COMPLETE
294,294,0.7067673992673993,2023-11-16 18:26:34.855809,2023-11-16 18:28:48.911271,0 days 00:02:14.055462,4.176173619314773,0.0761350458925242,10,COMPLETE
295,295,0.7342673992673994,2023-11-16 18:28:48.918482,2023-11-16 18:31:13.856458,0 days 00:02:24.937976,6.094463392962035,0.07820352489487313,10,COMPLETE
296,296,0.7342673992673994,2023-11-16 18:31:13.862085,2023-11-16 18:33:38.039075,0 days 00:02:24.176990,5.4489443495650765,0.06716882845638572,10,COMPLETE
297,297,0.7067673992673993,2023-11-16 18:33:38.045109,2023-11-16 18:36:21.328944,0 days 00:02:43.283835,29.309977166460357,0.08874008368719186,10,COMPLETE
298,298,0.7067673992673993,2023-11-16 18:36:21.336193,2023-11-16 18:39:02.617687,0 days 00:02:41.281494,13.87287143875358,0.08456391102692686,10,COMPLETE
299,299,0.7467673992673993,2023-11-16 18:39:02.624379,2023-11-16 18:41:29.138969,0 days 00:02:26.514590,6.811906646962454,0.08074167569139899,10,COMPLETE
300,300,0.7067673992673993,2023-11-16 18:41:29.151043,2023-11-16 18:44:11.915295,0 days 00:02:42.764252,26.670098394687663,0.0716658069461108,10,COMPLETE
301,301,0.6942673992673993,2023-11-16 18:44:11.923036,2023-11-16 18:46:32.862255,0 days 00:02:20.939219,4.868832432200588,0.07481869731333178,10,COMPLETE
302,302,0.7067673992673993,2023-11-16 18:46:32.869901,2023-11-16 18:49:20.228697,0 days 00:02:47.358796,7.999784759835282,0.06329847113080422,10,COMPLETE
303,303,0.7067673992673993,2023-11-16 18:49:20.239347,2023-11-16 18:51:52.228605,0 days 00:02:31.989258,9.618661953993115,0.08630237478176972,10,COMPLETE
304,304,0.7067673992673993,2023-11-16 18:51:52.238290,2023-11-16 18:53:57.063280,0 days 00:02:04.824990,21.2243008123558,0.09589770919532656,9,COMPLETE
305,305,0.7067673992673993,2023-11-16 18:53:57.076300,2023-11-16 18:56:21.373620,0 days 00:02:24.297320,6.417028558583339,0.07768238627166159,10,COMPLETE
306,306,0.7067673992673993,2023-11-16 18:56:21.382431,2023-11-16 18:58:55.372355,0 days 00:02:33.989924,7.4671518816657425,0.05891469351193264,10,COMPLETE
307,307,0.7467673992673993,2023-11-16 18:58:55.379529,2023-11-16 19:01:12.933731,0 days 00:02:17.554202,5.8606946451660225,0.09138720339908397,10,COMPLETE
308,308,0.6942673992673993,2023-11-16 19:01:12.941522,2023-11-16 19:03:26.201127,0 days 00:02:13.259605,3.7750712307113137,0.08229050918435879,10,COMPLETE
309,309,0.7067673992673993,2023-11-16 19:03:26.207956,2023-11-16 19:06:01.305026,0 days 00:02:35.097070,10.984286741192344,0.0794181578844109,10,COMPLETE
310,310,0.7067673992673993,2023-11-16 19:06:01.312489,2023-11-16 19:08:42.272133,0 days 00:02:40.959644,16.141429509665002,0.07683761716260402,10,COMPLETE
311,311,0.6942673992673993,2023-11-16 19:08:42.278612,2023-11-16 19:10:56.093894,0 days 00:02:13.815282,4.427991743031658,0.08758254195158978,10,COMPLETE
312,312,0.7067673992673993,2023-11-16 19:10:56.102072,2023-11-16 19:13:33.200889,0 days 00:02:37.098817,12.921139577033674,0.08337572725396597,10,COMPLETE
313,313,0.7067673992673993,2023-11-16 19:13:33.207578,2023-11-16 19:16:26.041855,0 days 00:02:52.834277,23.113019735079014,0.0801526052854178,10,COMPLETE
314,314,0.7067673992673993,2023-11-16 19:16:26.049431,2023-11-16 19:19:07.972014,0 days 00:02:41.922583,9.920435165012766,0.06507441189644665,10,COMPLETE
315,315,0.7342673992673994,2023-11-16 19:19:07.980319,2023-11-16 19:21:30.947464,0 days 00:02:22.967145,5.3102866748136,0.07480357645042665,10,COMPLETE
316,316,0.7067673992673993,2023-11-16 19:21:30.959183,2023-11-16 19:24:14.439003,0 days 00:02:43.479820,19.44803132247545,0.055122017100963,10,COMPLETE
317,317,0.7067673992673993,2023-11-16 19:24:14.445494,2023-11-16 19:26:48.588818,0 days 00:02:34.143324,9.062031485027095,0.07805963234894236,10,COMPLETE
318,318,0.7342673992673994,2023-11-16 19:26:48.599702,2023-11-16 19:29:17.617569,0 days 00:02:29.017867,6.938647577444809,0.08979701531332182,10,COMPLETE
319,319,0.6942673992673993,2023-11-16 19:29:17.625711,2023-11-16 19:31:24.830775,0 days 00:02:07.205064,2.5684129191922285,0.07205476085964173,10,COMPLETE
320,320,0.7342673992673994,2023-11-16 19:31:24.840285,2023-11-16 19:33:51.548176,0 days 00:02:26.707891,6.370940401478063,0.08143684100414567,10,COMPLETE
321,321,0.7342673992673994,2023-11-16 19:33:51.558098,2023-11-16 19:36:20.062751,0 days 00:02:28.504653,4.7956189550931665,0.04658012851678976,10,COMPLETE
322,322,0.7467673992673993,2023-11-16 19:36:20.068449,2023-11-16 19:37:55.440447,0 days 00:01:35.371998,7.969373746043237,0.025512763745522696,7,COMPLETE
323,323,0.7067673992673993,2023-11-16 19:37:55.445745,2023-11-16 19:40:14.692230,0 days 00:02:19.246485,5.673549417050628,0.0854405776171102,10,COMPLETE
324,324,0.7467673992673993,2023-11-16 19:40:14.698778,2023-11-16 19:42:44.593314,0 days 00:02:29.894536,7.431893098150288,0.0766051079225002,10,COMPLETE
325,325,0.7467673992673993,2023-11-16 19:42:44.601559,2023-11-16 19:45:31.094022,0 days 00:02:46.492463,6.702717600167089,0.079085993930295,10,COMPLETE
326,326,0.7067673992673993,2023-11-16 19:45:31.101140,2023-11-16 19:48:04.571695,0 days 00:02:33.470555,8.508923007164741,0.0698693580253484,10,COMPLETE
327,327,0.7342673992673994,2023-11-16 19:48:04.579381,2023-11-16 19:50:23.072646,0 days 00:02:18.493265,6.050545827546836,0.09333309566771379,10,COMPLETE
328,328,0.7342673992673994,2023-11-16 19:50:23.079624,2023-11-16 19:52:52.836616,0 days 00:02:29.756992,5.240792704895832,0.0440805882640256,10,COMPLETE
329,329,0.7067673992673993,2023-11-16 19:52:52.842154,2023-11-16 19:54:10.102362,0 days 00:01:17.260208,20.65975349654436,0.07428785690382478,5,COMPLETE
330,330,0.7342673992673994,2023-11-16 19:54:10.111546,2023-11-16 19:56:37.194554,0 days 00:02:27.083008,7.013141085783947,0.08442225942572126,10,COMPLETE
331,331,0.6942673992673993,2023-11-16 19:56:37.202536,2023-11-16 19:58:52.575659,0 days 00:02:15.373123,4.343940974913011,0.08181988370074315,10,COMPLETE
332,332,0.7342673992673994,2023-11-16 19:58:52.585366,2023-11-16 20:01:34.051457,0 days 00:02:41.466091,7.778881105361064,0.03982545988463109,10,COMPLETE
333,333,0.7342673992673994,2023-11-16 20:01:34.057453,2023-11-16 20:03:55.986876,0 days 00:02:21.929423,5.901072862254352,0.08776613569308292,10,COMPLETE
334,334,0.7467673992673993,2023-11-16 20:03:55.994852,2023-11-16 20:06:33.495190,0 days 00:02:37.500338,6.502442763844932,0.050642496437214475,10,COMPLETE
335,335,0.6942673992673993,2023-11-16 20:06:33.506585,2023-11-16 20:08:54.253898,0 days 00:02:20.747313,4.886186034309399,0.0761449168837298,10,COMPLETE
336,336,0.6942673992673993,2023-11-16 20:08:54.265995,2023-11-16 20:11:03.715083,0 days 00:02:09.449088,3.5077128618981486,0.07937808229746662,10,COMPLETE
337,337,0.7342673992673994,2023-11-16 20:11:03.725319,2023-11-16 20:13:40.116883,0 days 00:02:36.391564,5.564628816693625,0.0912194718046346,10,COMPLETE
338,338,0.6942673992673993,2023-11-16 20:13:40.124137,2023-11-16 20:16:07.430637,0 days 00:02:27.306500,7.182737298584084,0.07251259731340812,10,COMPLETE
339,339,0.7067673992673993,2023-11-16 20:16:07.440677,2023-11-16 20:18:53.081714,0 days 00:02:45.641037,13.21947975770289,0.08346027882764942,10,COMPLETE
340,340,0.7067673992673993,2023-11-16 20:18:53.092492,2023-11-16 20:20:54.147379,0 days 00:02:01.054887,8.614146294870439,0.06642357530406075,9,COMPLETE
341,341,0.7467673992673993,2023-11-16 20:20:54.157237,2023-11-16 20:23:25.589877,0 days 00:02:31.432640,6.467895175646909,0.059821501878571326,10,COMPLETE
342,342,0.7067673992673993,2023-11-16 20:23:25.598113,2023-11-16 20:25:39.580229,0 days 00:02:13.982116,4.135311026379875,0.07724874548083169,10,COMPLETE
343,343,0.7342673992673994,2023-11-16 20:25:39.586111,2023-11-16 20:27:59.445494,0 days 00:02:19.859383,5.227257690504842,0.08640211951032861,10,COMPLETE
344,344,0.7467673992673993,2023-11-16 20:27:59.454957,2023-11-16 20:30:26.469555,0 days 00:02:27.014598,7.767308534342087,0.08026502003962417,10,COMPLETE
345,345,0.7342673992673994,2023-11-16 20:30:26.474959,2023-11-16 20:32:49.373622,0 days 00:02:22.898663,6.201859344779209,0.07493123939328857,10,COMPLETE
346,346,0.7467673992673993,2023-11-16 20:32:49.382760,2023-11-16 20:35:11.993446,0 days 00:02:22.610686,6.960089312608538,0.09724932426717507,10,COMPLETE
347,347,0.7467673992673993,2023-11-16 20:35:11.999175,2023-11-16 20:37:25.720680,0 days 00:02:13.721505,4.7104696548987475,0.08935505496389007,10,COMPLETE
348,348,0.7067673992673993,2023-11-16 20:37:25.729932,2023-11-16 20:39:29.812593,0 days 00:02:04.082661,5.787044161481794,0.08123944608867485,9,COMPLETE
349,349,0.7067673992673993,2023-11-16 20:39:29.820038,2023-11-16 20:42:07.181343,0 days 00:02:37.361305,11.184823791703808,0.0786185398021025,10,COMPLETE
350,350,0.7067673992673993,2023-11-16 20:42:07.193370,2023-11-16 20:43:48.630396,0 days 00:01:41.437026,9.31077770612832,0.07657550128703822,8,COMPLETE
351,351,0.7467673992673993,2023-11-16 20:43:48.640382,2023-11-16 20:46:18.206936,0 days 00:02:29.566554,8.134138356388537,0.08343614020897792,10,COMPLETE
352,352,0.7342673992673994,2023-11-16 20:46:18.214714,2023-11-16 20:48:52.333878,0 days 00:02:34.119164,7.442642135750035,0.06413103473185147,10,COMPLETE
353,353,0.7342673992673994,2023-11-16 20:48:52.342163,2023-11-16 20:51:12.619720,0 days 00:02:20.277557,5.382953690981466,0.09451498061054518,10,COMPLETE
354,354,0.7467673992673993,2023-11-16 20:51:12.628416,2023-11-16 20:53:38.898691,0 days 00:02:26.270275,6.6352939677779785,0.07856782589787498,10,COMPLETE
355,355,0.7067673992673993,2023-11-16 20:53:38.909489,2023-11-16 20:56:20.332610,0 days 00:02:41.423121,12.490502700093518,0.0728961136088847,10,COMPLETE
356,356,0.7067673992673993,2023-11-16 20:56:20.339524,2023-11-16 20:58:54.665392,0 days 00:02:34.325868,10.06458548066185,0.08609671581685463,10,COMPLETE
357,357,0.7067673992673993,2023-11-16 20:58:54.672170,2023-11-16 21:01:37.093687,0 days 00:02:42.421517,22.6768014949894,0.08146914984462007,10,COMPLETE
358,358,0.7067673992673993,2023-11-16 21:01:37.102415,2023-11-16 21:04:20.467778,0 days 00:02:43.365363,12.187630690680441,0.06839459739423856,10,COMPLETE
359,359,0.6942673992673993,2023-11-16 21:04:20.473194,2023-11-16 21:06:17.829194,0 days 00:01:57.356000,2.464581795670904,0.0883908652345553,10,COMPLETE
360,360,0.7067673992673993,2023-11-16 21:06:17.836193,2023-11-16 21:09:14.675038,0 days 00:02:56.838845,18.484037205054896,0.07087002483786242,10,COMPLETE
361,361,0.6942673992673993,2023-11-16 21:09:14.680543,2023-11-16 21:11:24.919386,0 days 00:02:10.238843,3.236937896942608,0.07443835651029639,10,COMPLETE
362,362,0.7067673992673993,2023-11-16 21:11:24.926764,2023-11-16 21:14:07.149586,0 days 00:02:42.222822,14.941588112582735,0.08000313806859394,10,COMPLETE
363,363,0.7067673992673993,2023-11-16 21:14:07.156808,2023-11-16 21:16:50.805169,0 days 00:02:43.648361,21.457102407743882,0.0844295099786948,10,COMPLETE
364,364,0.7342673992673994,2023-11-16 21:16:50.812414,2023-11-16 21:19:14.779847,0 days 00:02:23.967433,6.127284469167297,0.07710066654859683,10,COMPLETE
365,365,0.6942673992673993,2023-11-16 21:19:14.785593,2023-11-16 21:21:21.197920,0 days 00:02:06.412327,3.904349666578306,0.09266929559038048,10,COMPLETE
366,366,0.7067673992673993,2023-11-16 21:21:21.203409,2023-11-16 21:22:47.062433,0 days 00:01:25.859024,19.15148901170959,0.08199029495890016,6,COMPLETE
367,367,0.7067673992673993,2023-11-16 21:22:47.070600,2023-11-16 21:25:30.031620,0 days 00:02:42.961020,15.830235467182257,0.036202457023114705,10,COMPLETE
368,368,0.7067673992673993,2023-11-16 21:25:30.037311,2023-11-16 21:28:07.406196,0 days 00:02:37.368885,11.579935505373047,0.09078843208803264,10,COMPLETE
369,369,0.7342673992673994,2023-11-16 21:28:07.411483,2023-11-16 21:30:28.192264,0 days 00:02:20.780781,4.750876923315101,0.07857715017947148,10,COMPLETE
370,370,0.7067673992673993,2023-11-16 21:30:28.211237,2023-11-16 21:33:08.580151,0 days 00:02:40.368914,10.525016338770792,0.07408418424978526,10,COMPLETE
371,371,0.7342673992673994,2023-11-16 21:33:08.589942,2023-11-16 21:35:50.299394,0 days 00:02:41.709452,7.061030383691295,0.05719636709483584,10,COMPLETE
372,372,0.7467673992673993,2023-11-16 21:35:50.307345,2023-11-16 21:38:27.524132,0 days 00:02:37.216787,5.817472764954808,0.07624018062220377,10,COMPLETE
373,373,0.7067673992673993,2023-11-16 21:38:27.534874,2023-11-16 21:41:12.675239,0 days 00:02:45.140365,16.88794906022333,0.08668411149691296,10,COMPLETE
374,374,0.7067673992673993,2023-11-16 21:41:12.685666,2023-11-16 21:43:46.705745,0 days 00:02:34.020079,7.633231486394557,0.08263012218028942,10,COMPLETE
375,375,0.7467673992673993,2023-11-16 21:43:46.712697,2023-11-16 21:46:08.878909,0 days 00:02:22.166212,5.197084228535631,0.07983743434321106,10,COMPLETE
376,376,0.7067673992673993,2023-11-16 21:46:08.885665,2023-11-16 21:48:55.994288,0 days 00:02:47.108623,20.08043626027394,0.08475411675885802,10,COMPLETE
377,377,0.7467673992673993,2023-11-16 21:48:56.000010,2023-11-16 21:51:31.388695,0 days 00:02:35.388685,6.557964219477945,0.0757241581357239,10,COMPLETE
378,378,0.6942673992673993,2023-11-16 21:51:31.397380,2023-11-16 21:54:22.173449,0 days 00:02:50.776069,8.449158284334478,0.050964544313306825,10,COMPLETE
379,379,0.7067673992673993,2023-11-16 21:54:22.179019,2023-11-16 21:57:09.084620,0 days 00:02:46.905601,13.941272024205347,0.0893798913583156,10,COMPLETE
380,380,0.7067673992673993,2023-11-16 21:57:09.091395,2023-11-16 21:59:55.236834,0 days 00:02:46.145439,27.790716490204446,0.07827602023312415,10,COMPLETE
381,381,0.7067673992673993,2023-11-16 21:59:55.246726,2023-11-16 22:02:21.912831,0 days 00:02:26.666105,4.46543658059153,0.05386863116198576,10,COMPLETE
382,382,0.6942673992673993,2023-11-16 22:02:21.918970,2023-11-16 22:04:16.364009,0 days 00:01:54.445039,6.990397282539503,0.09761804260021902,9,COMPLETE
383,383,0.7342673992673994,2023-11-16 22:04:16.375105,2023-11-16 22:06:53.911400,0 days 00:02:37.536295,5.961274953736365,0.048940160310728884,10,COMPLETE
384,384,0.7067673992673993,2023-11-16 22:06:53.921765,2023-11-16 22:09:48.776336,0 days 00:02:54.854571,8.871822644896586,0.02844857686869258,10,COMPLETE
385,385,0.6942673992673993,2023-11-16 22:09:48.784332,2023-11-16 22:11:51.379325,0 days 00:02:02.594993,1.656229520502249,0.05815736928097417,10,COMPLETE
386,386,0.7467673992673993,2023-11-16 22:11:51.390768,2023-11-16 22:14:12.302074,0 days 00:02:20.911306,5.349163983553862,0.08090978201807009,10,COMPLETE
387,387,0.7342673992673994,2023-11-16 22:14:12.314013,2023-11-16 22:16:40.758708,0 days 00:02:28.444695,7.613980195488672,0.07743055749329286,10,COMPLETE
388,388,0.7467673992673993,2023-11-16 22:16:40.767004,2023-11-16 22:19:06.231227,0 days 00:02:25.464223,6.37358658979734,0.07204393514391026,10,COMPLETE
389,389,0.7467673992673993,2023-11-16 22:19:06.240638,2023-11-16 22:21:35.926780,0 days 00:02:29.686142,8.164376329546386,0.08333894866856902,10,COMPLETE
390,390,0.6942673992673993,2023-11-16 22:21:35.936481,2023-11-16 22:23:56.545299,0 days 00:02:20.608818,4.8775765524725365,0.07518267692247221,10,COMPLETE
391,391,0.6567673992673992,2023-11-16 22:23:56.551032,2023-11-16 22:25:03.980743,0 days 00:01:07.429711,7.1253484766289255,0.08672899767954415,4,COMPLETE
392,392,0.6942673992673993,2023-11-16 22:25:03.989902,2023-11-16 22:27:16.396950,0 days 00:02:12.407048,3.993046277537731,0.07950651535684836,10,COMPLETE
393,393,0.7342673992673994,2023-11-16 22:27:16.402191,2023-11-16 22:29:35.996427,0 days 00:02:19.594236,5.670768266363917,0.09476320165666925,10,COMPLETE
394,394,0.7342673992673994,2023-11-16 22:29:36.003265,2023-11-16 22:31:57.659765,0 days 00:02:21.656500,6.445899273045801,0.0913282724034459,10,COMPLETE
395,395,0.7067673992673993,2023-11-16 22:31:57.668188,2023-11-16 22:33:14.776382,0 days 00:01:17.108194,16.65540445871205,0.06932825495230764,5,COMPLETE
396,396,0.7467673992673993,2023-11-16 22:33:14.795536,2023-11-16 22:35:44.779827,0 days 00:02:29.984291,7.545885726111276,0.07310282074990013,10,COMPLETE
397,397,0.7067673992673993,2023-11-16 22:35:44.788043,2023-11-16 22:38:40.144201,0 days 00:02:55.356158,23.719480167505658,0.061922744755687084,10,COMPLETE
398,398,0.7467673992673993,2023-11-16 22:38:40.151107,2023-11-16 22:41:00.731310,0 days 00:02:20.580203,5.932953054091141,0.08833526062865348,10,COMPLETE
399,399,0.7467673992673993,2023-11-16 22:41:00.738282,2023-11-16 22:43:25.282721,0 days 00:02:24.544439,6.756946543237269,0.0811251259023713,10,COMPLETE
400,400,0.7342673992673994,2023-11-16 22:43:25.293693,2023-11-16 22:45:45.137550,0 days 00:02:19.843857,4.951017865655208,0.07725873210092146,10,COMPLETE
401,401,0.7467673992673993,2023-11-16 22:45:45.145028,2023-11-16 22:47:13.016498,0 days 00:01:27.871470,3.2808628392514048,0.020787113047825767,7,COMPLETE
402,402,0.7467673992673993,2023-11-16 22:47:13.026481,2023-11-16 22:49:35.929732,0 days 00:02:22.903251,5.456343911843119,0.0847912528104115,10,COMPLETE
403,403,0.7067673992673993,2023-11-16 22:49:35.939651,2023-11-16 22:52:17.261744,0 days 00:02:41.322093,13.141656747412096,0.07900220492819165,10,COMPLETE
404,404,0.6942673992673993,2023-11-16 22:52:17.269507,2023-11-16 22:54:35.066467,0 days 00:02:17.796960,4.437944832360502,0.07553452420298622,10,COMPLETE
405,405,0.7067673992673993,2023-11-16 22:54:35.077383,2023-11-16 22:56:44.150694,0 days 00:02:09.073311,9.583431408728973,0.004099408620891372,9,COMPLETE
406,406,0.7067673992673993,2023-11-16 22:56:44.157207,2023-11-16 22:58:22.217929,0 days 00:01:38.060722,8.055022833256558,0.08280232902026256,8,COMPLETE
407,407,0.7342673992673994,2023-11-16 22:58:22.224491,2023-11-16 23:00:50.160726,0 days 00:02:27.936235,6.213713984990564,0.07997965006751995,10,COMPLETE
408,408,0.7467673992673993,2023-11-16 23:00:50.171197,2023-11-16 23:03:11.768420,0 days 00:02:21.597223,6.614283507895126,0.09873239278830447,10,COMPLETE
409,409,0.7067673992673993,2023-11-16 23:03:11.775601,2023-11-16 23:06:08.040823,0 days 00:02:56.265222,17.615353811435345,0.08981900169740352,10,COMPLETE
410,410,0.7342673992673994,2023-11-16 23:06:08.045544,2023-11-16 23:08:37.491638,0 days 00:02:29.446094,7.23257346163782,0.0706037142079419,10,COMPLETE
411,411,0.7067673992673993,2023-11-16 23:08:37.498573,2023-11-16 23:11:19.298681,0 days 00:02:41.800108,14.324413203166838,0.07697046947656747,10,COMPLETE
412,412,0.7467673992673993,2023-11-16 23:11:19.305742,2023-11-16 23:13:40.722223,0 days 00:02:21.416481,5.549902939345185,0.07410726294772556,10,COMPLETE
413,413,0.7067673992673993,2023-11-16 23:13:40.729534,2023-11-16 23:16:09.115588,0 days 00:02:28.386054,8.868920829299187,0.08672720683532423,10,COMPLETE
414,414,0.6942673992673993,2023-11-16 23:16:09.121369,2023-11-16 23:18:16.423961,0 days 00:02:07.302592,3.788312145297837,0.08199468090951913,10,COMPLETE
415,415,0.7067673992673993,2023-11-16 23:18:16.430757,2023-11-16 23:20:57.651175,0 days 00:02:41.220418,25.536352813350703,0.09310191149600971,10,COMPLETE
416,416,0.7067673992673993,2023-11-16 23:20:57.656834,2023-11-16 23:23:41.189076,0 days 00:02:43.532242,17.214975944407072,0.07847741882255999,10,COMPLETE
417,417,0.6942673992673993,2023-11-16 23:23:41.201786,2023-11-16 23:25:56.367930,0 days 00:02:15.166144,4.937575938545697,0.08377557112898035,10,COMPLETE
418,418,0.7067673992673993,2023-11-16 23:25:56.376933,2023-11-16 23:28:41.874388,0 days 00:02:45.497455,14.853287209007021,0.08087201722191764,10,COMPLETE
419,419,0.7467673992673993,2023-11-16 23:28:41.884347,2023-11-16 23:31:23.195961,0 days 00:02:41.311614,7.159565855070636,0.05272369029348198,10,COMPLETE
420,420,0.7067673992673993,2023-11-16 23:31:23.203853,2023-11-16 23:34:05.594089,0 days 00:02:42.390236,18.101335460980025,0.07578789812078836,10,COMPLETE
421,421,0.7067673992673993,2023-11-16 23:34:05.601171,2023-11-16 23:36:39.249027,0 days 00:02:33.647856,10.567197523139939,0.08811324110301388,10,COMPLETE
422,422,0.7467673992673993,2023-11-16 23:36:39.259555,2023-11-16 23:39:22.216051,0 days 00:02:42.956496,6.154334026999755,0.04772723656091825,10,COMPLETE
423,423,0.6942673992673993,2023-11-16 23:39:22.222865,2023-11-16 23:41:52.163266,0 days 00:02:29.940401,7.761211537292012,0.06618743330102285,10,COMPLETE
424,424,0.7067673992673993,2023-11-16 23:41:52.174626,2023-11-16 23:44:10.035681,0 days 00:02:17.861055,4.395886586053562,0.06415152225799498,10,COMPLETE
425,425,0.7067673992673993,2023-11-16 23:44:10.042774,2023-11-16 23:46:53.429025,0 days 00:02:43.386251,12.549922062586875,0.07272113645341838,10,COMPLETE
426,426,0.7467673992673993,2023-11-16 23:46:53.438018,2023-11-16 23:49:14.432706,0 days 00:02:20.994688,5.544148810920319,0.08558446938747478,10,COMPLETE
427,427,0.6942673992673993,2023-11-16 23:49:14.442711,2023-11-16 23:51:44.717247,0 days 00:02:30.274536,8.288538267530392,0.07826463353638777,10,COMPLETE
428,428,0.6942673992673993,2023-11-16 23:51:44.725009,2023-11-16 23:53:36.659527,0 days 00:01:51.934518,6.624916843002408,0.09154286117898802,9,COMPLETE
429,429,0.7342673992673994,2023-11-16 23:53:36.668070,2023-11-16 23:55:57.993055,0 days 00:02:21.324985,6.042247560769046,0.0806647381335656,10,COMPLETE
430,430,0.7342673992673994,2023-11-16 23:55:58.001398,2023-11-16 23:58:32.253765,0 days 00:02:34.252367,5.080269319309003,0.04265299995366558,10,COMPLETE
431,431,0.6942673992673993,2023-11-16 23:58:32.264008,2023-11-17 00:00:55.520250,0 days 00:02:23.256242,7.282119013473837,0.09630637454512463,10,COMPLETE
432,432,0.7467673992673993,2023-11-17 00:00:55.526949,2023-11-17 00:03:26.937589,0 days 00:02:31.410640,6.639925489355258,0.06003945507608999,10,COMPLETE
433,433,0.7067673992673993,2023-11-17 00:03:26.946406,2023-11-17 00:06:10.446115,0 days 00:02:43.499709,15.056430513135957,0.07646292497194931,10,COMPLETE
434,434,0.7342673992673994,2023-11-17 00:06:10.454636,2023-11-17 00:08:32.820390,0 days 00:02:22.365754,5.756656808116322,0.08297019174940543,10,COMPLETE
435,435,0.6942673992673993,2023-11-17 00:08:32.827875,2023-11-17 00:10:56.369023,0 days 00:02:23.541148,3.0176810971913923,0.06829736009103797,10,COMPLETE
436,436,0.7067673992673993,2023-11-17 00:10:56.375628,2023-11-17 00:13:38.666960,0 days 00:02:42.291332,19.27745953122911,0.07407903455616319,10,COMPLETE
437,437,0.6942673992673993,2023-11-17 00:13:38.675651,2023-11-17 00:15:51.054156,0 days 00:02:12.378505,4.361217108923103,0.07901614770830849,10,COMPLETE
438,438,0.7067673992673993,2023-11-17 00:15:51.066581,2023-11-17 00:18:24.374087,0 days 00:02:33.307506,7.709406253897946,0.061467984942599446,10,COMPLETE
439,439,0.7067673992673993,2023-11-17 00:18:24.382767,2023-11-17 00:21:07.979058,0 days 00:02:43.596291,24.093827193501326,0.0843130352736476,10,COMPLETE
440,440,0.7342673992673994,2023-11-17 00:21:07.988147,2023-11-17 00:23:34.400533,0 days 00:02:26.412386,7.025110680954888,0.08939962906690789,10,COMPLETE
441,441,0.7067673992673993,2023-11-17 00:23:34.410677,2023-11-17 00:26:13.508952,0 days 00:02:39.098275,11.994667272727252,0.07749035106372222,10,COMPLETE
442,442,0.7067673992673993,2023-11-17 00:26:13.515837,2023-11-17 00:28:49.392804,0 days 00:02:35.876967,9.217153917422392,0.07120258518823158,10,COMPLETE
443,443,0.7067673992673993,2023-11-17 00:28:49.399334,2023-11-17 00:31:33.325360,0 days 00:02:43.926026,28.671767358311214,0.08187386919656392,10,COMPLETE
444,444,0.7467673992673993,2023-11-17 00:31:33.334632,2023-11-17 00:34:05.363269,0 days 00:02:32.028637,5.372433778834359,0.05445219334197052,10,COMPLETE
445,445,0.6534340659340659,2023-11-17 00:34:05.370799,2023-11-17 00:35:58.913730,0 days 00:01:53.542931,2.0467983868363824,0.08691378246287676,10,COMPLETE
446,446,0.7467673992673993,2023-11-17 00:35:58.920530,2023-11-17 00:38:22.958687,0 days 00:02:24.038157,6.388763454798067,0.07494135358747146,10,COMPLETE
447,447,0.7067673992673993,2023-11-17 00:38:22.970460,2023-11-17 00:41:18.481324,0 days 00:02:55.510864,16.246560155297516,0.07961658358095983,10,COMPLETE
448,448,0.6942673992673993,2023-11-17 00:41:18.488730,2023-11-17 00:43:29.604005,0 days 00:02:11.115275,3.7498655845727353,0.07698374915970604,10,COMPLETE
449,449,0.7067673992673993,2023-11-17 00:43:29.621122,2023-11-17 00:46:10.574240,0 days 00:02:40.953118,26.76233423760415,0.09324093343565845,10,COMPLETE
450,450,0.7067673992673993,2023-11-17 00:46:10.583343,2023-11-17 00:48:39.086752,0 days 00:02:28.503409,8.36644070419362,0.08522485064279996,10,COMPLETE
451,451,0.7067673992673993,2023-11-17 00:48:39.098318,2023-11-17 00:51:24.890442,0 days 00:02:45.792124,13.33632505110916,0.08182747613926508,10,COMPLETE
452,452,0.6942673992673993,2023-11-17 00:51:24.898607,2023-11-17 00:53:53.510439,0 days 00:02:28.611832,4.84986602169708,0.05227597356961715,10,COMPLETE
453,453,0.7342673992673994,2023-11-17 00:53:53.518585,2023-11-17 00:56:12.454376,0 days 00:02:18.935791,6.123024320390837,0.09060054218493369,10,COMPLETE
454,454,0.7467673992673993,2023-11-17 00:56:12.462650,2023-11-17 00:58:40.689154,0 days 00:02:28.226504,7.002165621807913,0.07996032047435354,10,COMPLETE
455,455,0.7067673992673993,2023-11-17 00:58:40.696335,2023-11-17 01:01:10.845383,0 days 00:02:30.149048,7.621056630403324,0.07357618174454567,10,COMPLETE
456,456,0.7067673992673993,2023-11-17 01:01:10.852662,2023-11-17 01:03:01.777803,0 days 00:01:50.925141,5.617793288348171,0.09946054330784698,9,COMPLETE
457,457,0.6942673992673993,2023-11-17 01:03:01.787054,2023-11-17 01:05:15.856056,0 days 00:02:14.069002,4.409740635129346,0.08787106769033713,10,COMPLETE
458,458,0.7342673992673994,2023-11-17 01:05:15.861902,2023-11-17 01:07:48.397802,0 days 00:02:32.535900,4.960170054462216,0.039144499805968486,10,COMPLETE
459,459,0.7467673992673993,2023-11-17 01:07:48.403594,2023-11-17 01:10:24.878527,0 days 00:02:36.474933,6.72437700469856,0.05690924389960924,10,COMPLETE
460,460,0.7467673992673993,2023-11-17 01:10:24.884601,2023-11-17 01:13:23.417488,0 days 00:02:58.532887,5.988127285041728,0.03439322147878481,10,COMPLETE
461,461,0.6942673992673993,2023-11-17 01:13:23.424417,2023-11-17 01:15:56.835679,0 days 00:02:33.411262,8.133334807841255,0.07575931126465829,10,COMPLETE
462,462,0.7067673992673993,2023-11-17 01:15:56.847169,2023-11-17 01:18:43.526778,0 days 00:02:46.679609,9.798402138918002,0.04612583332237228,10,COMPLETE
463,463,0.7067673992673993,2023-11-17 01:18:43.535547,2023-11-17 01:21:18.726624,0 days 00:02:35.191077,7.361172847639335,0.0784945225533916,10,COMPLETE
464,464,0.7067673992673993,2023-11-17 01:21:18.736425,2023-11-17 01:24:14.884751,0 days 00:02:56.148326,20.505424879224172,0.08378142323220804,10,COMPLETE
465,465,0.6942673992673993,2023-11-17 01:24:14.900950,2023-11-17 01:27:00.838556,0 days 00:02:45.937606,11.381238122926737,0.07762653261364343,10,COMPLETE
466,466,0.7467673992673993,2023-11-17 01:27:00.845503,2023-11-17 01:29:30.256462,0 days 00:02:29.410959,5.212828087811516,0.08141172174737733,10,COMPLETE
467,467,0.7067673992673993,2023-11-17 01:29:30.263716,2023-11-17 01:32:24.364207,0 days 00:02:54.100491,21.06961387568642,0.06701450648491218,10,COMPLETE
468,468,0.7067673992673993,2023-11-17 01:32:24.371032,2023-11-17 01:35:04.889769,0 days 00:02:40.518737,8.751114336478201,0.07176550023123021,10,COMPLETE
469,469,0.6942673992673993,2023-11-17 01:35:04.896977,2023-11-17 01:37:16.716829,0 days 00:02:11.819852,2.8736416441699495,0.0750080996633327,10,COMPLETE
470,470,0.7342673992673994,2023-11-17 01:37:16.723478,2023-11-17 01:39:46.916083,0 days 00:02:30.192605,6.332235830730502,0.08569413462253879,10,COMPLETE
471,471,0.6942673992673993,2023-11-17 01:39:46.921228,2023-11-17 01:42:17.033034,0 days 00:02:30.111806,3.809073003667208,0.0453455291301889,10,COMPLETE
472,472,0.7467673992673993,2023-11-17 01:42:17.038703,2023-11-17 01:44:53.863201,0 days 00:02:36.824498,6.792117040737539,0.07989824393624409,10,COMPLETE
473,473,0.7467673992673993,2023-11-17 01:44:53.869786,2023-11-17 01:47:07.795733,0 days 00:02:13.925947,5.523859575741017,0.047731842565799,9,COMPLETE
474,474,0.7342673992673994,2023-11-17 01:47:07.803158,2023-11-17 01:49:53.533537,0 days 00:02:45.730379,7.530657989438033,0.038346842588362004,10,COMPLETE
475,475,0.6942673992673993,2023-11-17 01:49:53.564501,2023-11-17 01:52:28.521231,0 days 00:02:34.956730,10.2569509312891,0.08843479566064828,10,COMPLETE
476,476,0.7467673992673993,2023-11-17 01:52:28.527525,2023-11-17 01:55:11.149417,0 days 00:02:42.621892,4.381060563132863,0.01381514280018551,10,COMPLETE
477,477,0.7467673992673993,2023-11-17 01:55:11.156217,2023-11-17 01:57:52.580642,0 days 00:02:41.424425,6.022902604185062,0.02827527397023059,10,COMPLETE
478,478,0.7067673992673993,2023-11-17 01:57:52.587304,2023-11-17 02:00:30.640561,0 days 00:02:38.053257,14.04692130066837,0.09570077256436935,10,COMPLETE
479,479,0.7342673992673994,2023-11-17 02:00:30.646262,2023-11-17 02:02:56.782465,0 days 00:02:26.136203,6.8759289679291165,0.09163585736264034,10,COMPLETE
480,480,0.7067673992673993,2023-11-17 02:02:56.790137,2023-11-17 02:05:27.809861,0 days 00:02:31.019724,7.921068723299027,0.0775046987460449,10,COMPLETE
481,481,0.7342673992673994,2023-11-17 02:05:27.817562,2023-11-17 02:07:54.177527,0 days 00:02:26.359965,4.937118675204122,0.0825437105766533,10,COMPLETE
482,482,0.7467673992673993,2023-11-17 02:07:54.186346,2023-11-17 02:10:35.532076,0 days 00:02:41.345730,5.890310809160755,0.05687955786449997,10,COMPLETE
483,483,0.7067673992673993,2023-11-17 02:10:35.538022,2023-11-17 02:13:25.285520,0 days 00:02:49.747498,15.68674026664319,0.07391414065521745,10,COMPLETE
484,484,0.7067673992673993,2023-11-17 02:13:25.290947,2023-11-17 02:14:48.803533,0 days 00:01:23.512586,14.514493730981036,0.07981601526668444,6,COMPLETE
485,485,0.7067673992673993,2023-11-17 02:14:48.811446,2023-11-17 02:16:23.056689,0 days 00:01:34.245243,6.499128145608744,0.03602104081077894,7,COMPLETE
486,486,0.7067673992673993,2023-11-17 02:16:23.062194,2023-11-17 02:19:20.564448,0 days 00:02:57.502254,25.468488560136862,0.03991266489584088,10,COMPLETE
487,487,0.7067673992673993,2023-11-17 02:19:20.570312,2023-11-17 02:22:07.800465,0 days 00:02:47.230153,12.685942039940336,0.0638008371411165,10,COMPLETE
488,488,0.7342673992673994,2023-11-17 02:22:07.807366,2023-11-17 02:24:46.354842,0 days 00:02:38.547476,7.321507783142531,0.06966333766879455,10,COMPLETE
489,489,0.7067673992673993,2023-11-17 02:24:46.362885,2023-11-17 02:26:42.631955,0 days 00:01:56.269070,18.389411123820487,0.05858838116271073,8,COMPLETE
490,490,0.6942673992673993,2023-11-17 02:26:42.639998,2023-11-17 02:28:56.684595,0 days 00:02:14.044597,2.5332242564947425,0.07613478071840396,10,COMPLETE
491,491,0.7467673992673993,2023-11-17 02:28:56.694462,2023-11-17 02:31:26.017102,0 days 00:02:29.322640,5.489459081074196,0.08291119019668754,10,COMPLETE
492,492,0.7067673992673993,2023-11-17 02:31:26.037155,2023-11-17 02:34:14.673273,0 days 00:02:48.636118,23.459782971508613,0.08498636939772028,10,COMPLETE
493,493,0.6942673992673993,2023-11-17 02:34:14.683373,2023-11-17 02:36:57.777975,0 days 00:02:43.094602,8.397963445747212,0.05047212098897529,10,COMPLETE
494,494,0.7067673992673993,2023-11-17 02:36:57.783339,2023-11-17 02:39:40.410412,0 days 00:02:42.627073,11.762199557778713,0.08963802549727078,10,COMPLETE
495,495,0.7467673992673993,2023-11-17 02:39:40.415837,2023-11-17 02:42:14.938361,0 days 00:02:34.522524,4.538858516461696,0.04256526870114576,10,COMPLETE
496,496,0.7467673992673993,2023-11-17 02:42:14.946127,2023-11-17 02:44:42.666958,0 days 00:02:27.720831,6.928063112644975,0.07841794478019237,10,COMPLETE
497,497,0.6942673992673993,2023-11-17 02:44:42.675269,2023-11-17 02:46:36.987457,0 days 00:01:54.312188,1.4526152924022249,0.08138072769177099,10,COMPLETE
498,498,0.7067673992673993,2023-11-17 02:46:37.012535,2023-11-17 02:49:12.239853,0 days 00:02:35.227318,11.174470383268606,0.08723479926707003,10,COMPLETE
499,499,0.6942673992673993,2023-11-17 02:49:12.247562,2023-11-17 02:51:21.941605,0 days 00:02:09.694043,3.5998317615096003,0.07651165691587773,10,COMPLETE
500,500,0.7067673992673993,2023-11-17 02:51:21.950663,2023-11-17 02:54:19.025806,0 days 00:02:57.075143,19.52646689949088,0.07283444135181132,10,COMPLETE
501,501,0.6942673992673993,2023-11-17 02:54:19.033642,2023-11-17 02:56:22.337395,0 days 00:02:03.303753,1.840132926672399,0.06247298975136715,10,COMPLETE
502,502,0.7067673992673993,2023-11-17 02:56:22.347853,2023-11-17 02:59:01.166982,0 days 00:02:38.819129,13.506411855097262,0.07863111700755496,10,COMPLETE
503,503,0.6942673992673993,2023-11-17 02:59:01.174408,2023-11-17 03:00:52.433358,0 days 00:01:51.258950,1.1716728605431133,0.09346849506232831,10,COMPLETE
504,504,0.7067673992673993,2023-11-17 03:00:52.441826,2023-11-17 03:03:39.089627,0 days 00:02:46.647801,21.50907185347219,0.0805985243811299,10,COMPLETE
505,505,0.7067673992673993,2023-11-17 03:03:39.095280,2023-11-17 03:06:19.246335,0 days 00:02:40.151055,15.660341093207373,0.08426714924758118,10,COMPLETE
506,506,0.7342673992673994,2023-11-17 03:06:19.251912,2023-11-17 03:08:41.217450,0 days 00:02:21.965538,5.200080965520337,0.07514638627869022,10,COMPLETE
507,507,0.7067673992673993,2023-11-17 03:08:41.226465,2023-11-17 03:11:27.071349,0 days 00:02:45.844884,17.445391980942016,0.086380526802701,10,COMPLETE
508,508,0.7067673992673993,2023-11-17 03:11:27.080781,2023-11-17 03:14:11.999188,0 days 00:02:44.918407,24.938424455505718,0.07664281859630666,10,COMPLETE
509,509,0.7067673992673993,2023-11-17 03:14:12.008340,2023-11-17 03:16:11.344216,0 days 00:01:59.335876,9.038872480921409,0.08974309732355917,9,COMPLETE
510,510,0.7067673992673993,2023-11-17 03:16:11.351388,2023-11-17 03:17:46.295906,0 days 00:01:34.944518,6.395809833554871,0.07963153104870604,8,COMPLETE
511,511,0.6942673992673993,2023-11-17 03:17:46.306590,2023-11-17 03:20:15.491305,0 days 00:02:29.184715,7.857690411316686,0.07142335581794113,10,COMPLETE
512,512,0.7467673992673993,2023-11-17 03:20:15.498895,2023-11-17 03:22:38.133137,0 days 00:02:22.634242,5.851467526470733,0.0829291498227268,10,COMPLETE
513,513,0.7067673992673993,2023-11-17 03:22:38.142601,2023-11-17 03:25:35.553316,0 days 00:02:57.410715,18.822014279217964,0.06494878624826389,10,COMPLETE
514,514,0.6942673992673993,2023-11-17 03:25:35.561081,2023-11-17 03:28:03.732128,0 days 00:02:28.171047,7.275123854816078,0.07424443417756554,10,COMPLETE
515,515,0.6942673992673993,2023-11-17 03:28:03.742972,2023-11-17 03:30:18.282156,0 days 00:02:14.539184,4.099816448559578,0.07796243130067869,10,COMPLETE
516,516,0.7342673992673994,2023-11-17 03:30:18.294068,2023-11-17 03:32:45.175314,0 days 00:02:26.881246,5.147609651849693,0.05959153656516067,10,COMPLETE
517,517,0.7067673992673993,2023-11-17 03:32:45.185324,2023-11-17 03:35:31.771161,0 days 00:02:46.585837,29.877982866114756,0.09116079824830611,10,COMPLETE
518,518,0.7342673992673994,2023-11-17 03:35:31.777596,2023-11-17 03:37:52.623578,0 days 00:02:20.845982,6.223663416443184,0.09464893489431803,10,COMPLETE
519,519,0.7067673992673993,2023-11-17 03:37:52.631644,2023-11-17 03:40:13.254963,0 days 00:02:20.623319,4.725365501348815,0.0683018792135748,10,COMPLETE
520,520,0.7342673992673994,2023-11-17 03:40:13.265250,2023-11-17 03:42:58.916496,0 days 00:02:45.651246,6.8703104576441385,0.031015060275756106,10,COMPLETE
521,521,0.7067673992673993,2023-11-17 03:42:58.931150,2023-11-17 03:45:43.082054,0 days 00:02:44.150904,24.280103045209586,0.08136534669164956,10,COMPLETE
522,522,0.7067673992673993,2023-11-17 03:45:43.092965,2023-11-17 03:48:27.677220,0 days 00:02:44.584255,16.26423242636632,0.08535137568171838,10,COMPLETE
523,523,0.7067673992673993,2023-11-17 03:48:27.687669,2023-11-17 03:51:14.899866,0 days 00:02:47.212197,19.89160931918894,0.07580099961375056,10,COMPLETE
524,524,0.7467673992673993,2023-11-17 03:51:14.906634,2023-11-17 03:53:37.537231,0 days 00:02:22.630597,5.698978772042926,0.08858359594680593,10,COMPLETE
525,525,0.6942673992673993,2023-11-17 03:53:37.545180,2023-11-17 03:55:35.918748,0 days 00:01:58.373568,2.2913005254552523,0.08022632823130328,10,COMPLETE
526,526,0.6942673992673993,2023-11-17 03:55:35.930973,2023-11-17 03:57:37.332503,0 days 00:02:01.401530,7.808378433385377,0.07277771060716957,9,COMPLETE
527,527,0.7467673992673993,2023-11-17 03:57:37.340759,2023-11-17 04:00:18.929691,0 days 00:02:41.588932,6.378702280060772,0.0779296054158672,10,COMPLETE
528,528,0.6942673992673993,2023-11-17 04:00:18.939995,2023-11-17 04:02:31.115807,0 days 00:02:12.175812,3.4020519294338722,0.08400934097262244,10,COMPLETE
529,529,0.7067673992673993,2023-11-17 04:02:31.128187,2023-11-17 04:05:15.250538,0 days 00:02:44.122351,21.81205641336572,0.03309405820866323,10,COMPLETE
530,530,0.7067673992673993,2023-11-17 04:05:15.259221,2023-11-17 04:08:02.144307,0 days 00:02:46.885086,26.90358862207772,0.08210427759147997,10,COMPLETE
531,531,0.7067673992673993,2023-11-17 04:08:02.172677,2023-11-17 04:10:34.568502,0 days 00:02:32.395825,8.558297658162834,0.08722245629614413,10,COMPLETE
532,532,0.7467673992673993,2023-11-17 04:10:34.579633,2023-11-17 04:13:03.341638,0 days 00:02:28.762005,7.303517121916962,0.07957314627932113,10,COMPLETE
533,533,0.7067673992673993,2023-11-17 04:13:03.353182,2023-11-17 04:15:33.122682,0 days 00:02:29.769500,9.522930825753008,0.09211812092720388,10,COMPLETE
534,534,0.7067673992673993,2023-11-17 04:15:33.129304,2023-11-17 04:17:54.106879,0 days 00:02:20.977575,5.485831755936736,0.09761347324151806,10,COMPLETE
535,535,0.7067673992673993,2023-11-17 04:17:54.114908,2023-11-17 04:20:39.031663,0 days 00:02:44.916755,20.750736260291763,0.049556570366625335,10,COMPLETE
536,536,0.7467673992673993,2023-11-17 04:20:39.041243,2023-11-17 04:23:23.374681,0 days 00:02:44.333438,4.7882792257087825,0.02504835877419635,10,COMPLETE
537,537,0.7067673992673993,2023-11-17 04:23:23.383434,2023-11-17 04:25:53.410889,0 days 00:02:30.027455,6.790147556496263,0.070497446969504,10,COMPLETE
538,538,0.6942673992673993,2023-11-17 04:25:53.421530,2023-11-17 04:28:19.692398,0 days 00:02:26.270868,6.073915997028912,0.07655403294620218,10,COMPLETE
539,539,0.6942673992673993,2023-11-17 04:28:19.702686,2023-11-17 04:30:36.496958,0 days 00:02:16.794272,4.327914024477316,0.07401176519296808,10,COMPLETE
540,540,0.7067673992673993,2023-11-17 04:30:36.506988,2023-11-17 04:33:18.258193,0 days 00:02:41.751205,7.885433939764407,0.07802666053377534,10,COMPLETE
541,541,0.7467673992673993,2023-11-17 04:33:18.270702,2023-11-17 04:35:38.868173,0 days 00:02:20.597471,5.457768383278395,0.08042845978878774,10,COMPLETE
542,542,0.7342673992673994,2023-11-17 04:35:38.880088,2023-11-17 04:38:08.323648,0 days 00:02:29.443560,7.082105383779763,0.08358207160776117,10,COMPLETE
543,543,0.7067673992673993,2023-11-17 04:38:08.332803,2023-11-17 04:40:46.938913,0 days 00:02:38.606110,10.368297635753272,0.0755513025476672,10,COMPLETE
544,544,0.7067673992673993,2023-11-17 04:40:46.955103,2023-11-17 04:43:27.621156,0 days 00:02:40.666053,12.929984827922524,0.0860963895522463,10,COMPLETE
545,545,0.7067673992673993,2023-11-17 04:43:27.632656,2023-11-17 04:46:13.705543,0 days 00:02:46.072887,25.821111887053895,0.08837459444333168,10,COMPLETE
546,546,0.7067673992673993,2023-11-17 04:46:13.713022,2023-11-17 04:48:52.056867,0 days 00:02:38.343845,10.864278094188792,0.07877202196557945,10,COMPLETE
547,547,0.7067673992673993,2023-11-17 04:48:52.064920,2023-11-17 04:51:34.716257,0 days 00:02:42.651337,27.34197037918611,0.030018418852251687,10,COMPLETE
548,548,0.6567673992673992,2023-11-17 04:51:34.727984,2023-11-17 04:54:13.306444,0 days 00:02:38.578460,12.14363637346667,0.08229948689025492,10,COMPLETE
549,549,0.6567673992673992,2023-11-17 04:54:13.315502,2023-11-17 04:55:30.064430,0 days 00:01:16.748928,6.222515352428984,0.008759896368151054,4,COMPLETE
550,550,0.7342673992673994,2023-11-17 04:55:30.070871,2023-11-17 04:58:02.202159,0 days 00:02:32.131288,4.98835562207873,0.044345608890177995,10,COMPLETE
551,551,0.6942673992673993,2023-11-17 04:58:02.208008,2023-11-17 05:00:17.145761,0 days 00:02:14.937753,3.969289426853111,0.07283876252172783,10,COMPLETE
552,552,0.7467673992673993,2023-11-17 05:00:17.155771,2023-11-17 05:01:27.362127,0 days 00:01:10.206356,6.535768530039634,0.06178248162127033,5,COMPLETE
553,553,0.7067673992673993,2023-11-17 05:01:27.370337,2023-11-17 05:03:36.693481,0 days 00:02:09.323144,28.02539117063543,0.09036608228833896,9,COMPLETE
554,554,0.7067673992673993,2023-11-17 05:03:36.703988,2023-11-17 05:06:30.696270,0 days 00:02:53.992282,7.569077100499216,0.0013994693205707162,10,COMPLETE
555,555,0.6942673992673993,2023-11-17 05:06:30.707705,2023-11-17 05:09:03.336656,0 days 00:02:32.628951,8.255207503817456,0.07638674331087428,10,COMPLETE
556,556,0.7067673992673993,2023-11-17 05:09:03.344308,2023-11-17 05:11:47.265287,0 days 00:02:43.920979,13.813616805139162,0.08060054327943202,10,COMPLETE
557,557,0.7467673992673993,2023-11-17 05:11:47.275312,2023-11-17 05:14:24.944587,0 days 00:02:37.669275,5.876504949323511,0.042163979150100415,10,COMPLETE
558,558,0.7467673992673993,2023-11-17 05:14:24.954932,2023-11-17 05:17:08.908354,0 days 00:02:43.953422,5.3836874610494805,0.02660956798464438,10,COMPLETE
559,559,0.7067673992673993,2023-11-17 05:17:08.921651,2023-11-17 05:19:09.945830,0 days 00:02:01.024179,3.2075438269915564,0.09401165188590711,10,COMPLETE
560,560,0.7467673992673993,2023-11-17 05:19:09.954144,2023-11-17 05:21:40.290346,0 days 00:02:30.336202,6.915087043687023,0.07821497156486151,10,COMPLETE
561,561,0.7067673992673993,2023-11-17 05:21:40.300231,2023-11-17 05:23:01.125336,0 days 00:01:20.825105,4.731165119982489,0.08485700389052986,7,COMPLETE
562,562,0.7067673992673993,2023-11-17 05:23:01.149637,2023-11-17 05:25:42.916613,0 days 00:02:41.766976,8.848342833766434,0.056299451512157414,10,COMPLETE
563,563,0.7467673992673993,2023-11-17 05:25:42.925800,2023-11-17 05:28:21.150377,0 days 00:02:38.224577,7.354095318776236,0.054726683421555886,10,COMPLETE
564,564,0.7467673992673993,2023-11-17 05:28:21.162153,2023-11-17 05:31:03.978253,0 days 00:02:42.816100,6.34224013937771,0.017215315654781696,10,COMPLETE
565,565,0.7067673992673993,2023-11-17 05:31:03.984993,2023-11-17 05:33:45.990336,0 days 00:02:42.005343,15.05035426736932,0.08257376498404691,10,COMPLETE
566,566,0.7067673992673993,2023-11-17 05:33:46.006536,2023-11-17 05:36:28.809609,0 days 00:02:42.803073,16.43417352020751,0.07404130396072534,10,COMPLETE
567,567,0.7342673992673994,2023-11-17 05:36:28.822161,2023-11-17 05:39:05.858805,0 days 00:02:37.036644,5.912647673266806,0.050751750403484786,10,COMPLETE
568,568,0.6942673992673993,2023-11-17 05:39:05.868026,2023-11-17 05:41:11.012660,0 days 00:02:05.144634,1.0131253672326856,0.08715141584574497,10,COMPLETE
569,569,0.6942673992673993,2023-11-17 05:41:11.021700,2023-11-17 05:43:43.083409,0 days 00:02:32.061709,8.041280230020412,0.07048788234092467,10,COMPLETE
570,570,0.7067673992673993,2023-11-17 05:43:43.100724,2023-11-17 05:46:26.001704,0 days 00:02:42.900980,22.17668250098119,0.07719570492253477,10,COMPLETE
571,571,0.7342673992673994,2023-11-17 05:46:26.010995,2023-11-17 05:48:44.144691,0 days 00:02:18.133696,5.245168671995659,0.07947916722125502,10,COMPLETE
572,572,0.7067673992673993,2023-11-17 05:48:44.156626,2023-11-17 05:51:27.008671,0 days 00:02:42.852045,17.585882266376817,0.06713547910201048,10,COMPLETE
573,573,0.6942673992673993,2023-11-17 05:51:27.016776,2023-11-17 05:53:37.745412,0 days 00:02:10.728636,4.103432526868629,0.09956576825159985,10,COMPLETE
574,574,0.7467673992673993,2023-11-17 05:53:37.753208,2023-11-17 05:56:07.011973,0 days 00:02:29.258765,6.7667465421361515,0.07524057299404227,10,COMPLETE
575,575,0.7067673992673993,2023-11-17 05:56:07.020058,2023-11-17 05:58:44.489266,0 days 00:02:37.469208,9.873503848717597,0.08106169209687712,10,COMPLETE
576,576,0.7467673992673993,2023-11-17 05:58:44.496559,2023-11-17 06:01:11.318817,0 days 00:02:26.822258,7.417838001339578,0.08992940843711483,10,COMPLETE
577,577,0.7067673992673993,2023-11-17 06:01:11.324854,2023-11-17 06:02:23.857579,0 days 00:01:12.532725,5.6324120187522855,0.08386072023713464,6,COMPLETE
578,578,0.7067673992673993,2023-11-17 06:02:23.863819,2023-11-17 06:04:37.312367,0 days 00:02:13.448548,4.589330223391823,0.09177210448498481,10,COMPLETE
579,579,0.7342673992673994,2023-11-17 06:04:37.318555,2023-11-17 06:06:57.580745,0 days 00:02:20.262190,6.553697315930972,0.09653198348305436,10,COMPLETE
580,580,0.7067673992673993,2023-11-17 06:06:57.590017,2023-11-17 06:09:00.725110,0 days 00:02:03.135093,9.449019500490428,0.0779757584674125,9,COMPLETE
581,581,0.7067673992673993,2023-11-17 06:09:00.735157,2023-11-17 06:11:39.425530,0 days 00:02:38.690373,8.507900095491937,0.06518401515642086,10,COMPLETE
582,582,0.6942673992673993,2023-11-17 06:11:39.434281,2023-11-17 06:13:54.185472,0 days 00:02:14.751191,2.016953918278059,0.05374061458555071,10,COMPLETE
583,583,0.7467673992673993,2023-11-17 06:13:54.190046,2023-11-17 06:16:37.897297,0 days 00:02:43.707251,6.127899040835398,0.03232273993804882,10,COMPLETE
584,584,0.7467673992673993,2023-11-17 06:16:37.908373,2023-11-17 06:19:00.045816,0 days 00:02:22.137443,5.0667200381914,0.0753814142983829,10,COMPLETE
585,585,0.7342673992673994,2023-11-17 06:19:00.056342,2023-11-17 06:21:45.080596,0 days 00:02:45.024254,7.073020670526924,0.024523852615165556,10,COMPLETE
586,586,0.7342673992673994,2023-11-17 06:21:45.088251,2023-11-17 06:24:19.170273,0 days 00:02:34.082022,7.717758357102548,0.07283416236204454,10,COMPLETE
587,587,0.6942673992673993,2023-11-17 06:24:19.180834,2023-11-17 06:26:34.949761,0 days 00:02:15.768927,3.01055304635138,0.05225362888915939,10,COMPLETE
588,588,0.7067673992673993,2023-11-17 06:26:34.960717,2023-11-17 06:29:19.613563,0 days 00:02:44.652846,18.881165307893767,0.08124199394643454,10,COMPLETE
589,589,0.7067673992673993,2023-11-17 06:29:19.622427,2023-11-17 06:32:04.300659,0 days 00:02:44.678232,16.96844996714959,0.08572951268834278,10,COMPLETE
590,590,0.7342673992673994,2023-11-17 06:32:04.309921,2023-11-17 06:34:26.338631,0 days 00:02:22.028710,5.766398046123594,0.07901237199989203,10,COMPLETE
591,591,0.7342673992673994,2023-11-17 06:34:26.348698,2023-11-17 06:36:52.927753,0 days 00:02:26.579055,6.524343791720117,0.08724079260808366,10,COMPLETE
592,592,0.7067673992673993,2023-11-17 06:36:52.940379,2023-11-17 06:39:37.717907,0 days 00:02:44.777528,11.87490863146887,0.0693773402294138,10,COMPLETE
593,593,0.7067673992673993,2023-11-17 06:39:37.728953,2023-11-17 06:42:21.762389,0 days 00:02:44.033436,22.892432497924684,0.021769061567604303,10,COMPLETE
594,594,0.6942673992673993,2023-11-17 06:42:21.770927,2023-11-17 06:44:36.225985,0 days 00:02:14.455058,3.7698870653197876,0.07696149405082457,10,COMPLETE
595,595,0.7067673992673993,2023-11-17 06:44:36.239309,2023-11-17 06:47:23.154309,0 days 00:02:46.915000,28.562401518149272,0.036579269589022315,10,COMPLETE
596,596,0.6942673992673993,2023-11-17 06:47:23.165389,2023-11-17 06:49:48.799297,0 days 00:02:25.633908,4.528889096718759,0.08297594254161925,10,COMPLETE
597,597,0.7467673992673993,2023-11-17 06:49:48.807503,2023-11-17 06:52:33.240302,0 days 00:02:44.432799,5.308462145951152,0.022680508683070262,10,COMPLETE
598,598,0.6942673992673993,2023-11-17 06:52:33.248856,2023-11-17 06:54:30.883005,0 days 00:01:57.634149,7.2922118333764505,0.08865856645749945,9,COMPLETE
599,599,0.7342673992673994,2023-11-17 06:54:30.891263,2023-11-17 06:57:08.456183,0 days 00:02:37.564920,5.942438177281581,0.04854952556526056,10,COMPLETE
600,600,0.7342673992673994,2023-11-17 06:57:08.467359,2023-11-17 06:59:53.693067,0 days 00:02:45.225708,6.875077854026024,0.029898509988645114,10,COMPLETE
601,601,0.7067673992673993,2023-11-17 06:59:53.704858,2023-11-17 07:02:24.650260,0 days 00:02:30.945402,7.7637664064490055,0.0798441711795029,10,COMPLETE
602,602,0.7067673992673993,2023-11-17 07:02:24.660426,2023-11-17 07:05:11.073743,0 days 00:02:46.413317,22.900697027392113,0.07521084299140206,10,COMPLETE
603,603,0.7067673992673993,2023-11-17 07:05:11.085476,2023-11-17 07:07:47.056914,0 days 00:02:35.971438,10.786633631823442,0.08462752137554616,10,COMPLETE
604,604,0.7067673992673993,2023-11-17 07:07:47.066195,2023-11-17 07:10:23.653313,0 days 00:02:36.587118,11.320929718741569,0.09328002369532498,10,COMPLETE
605,605,0.6942673992673993,2023-11-17 07:10:23.660948,2023-11-17 07:12:54.064440,0 days 00:02:30.403492,8.711754203497993,0.08156796968970302,10,COMPLETE
606,606,0.7342673992673994,2023-11-17 07:12:54.078628,2023-11-17 07:15:34.727199,0 days 00:02:40.648571,5.250042392414926,0.040322621231772625,10,COMPLETE
